--
-- PostgreSQL database dump
--

-- Dumped from database version 17.4
-- Dumped by pg_dump version 17.6 (Homebrew)

-- Started on 2026-02-09 07:04:23 MSK

SET statement_timeout = 0;
SET lock_timeout = 0;
SET idle_in_transaction_session_timeout = 0;
SET transaction_timeout = 0;
SET client_encoding = 'UTF8';
SET standard_conforming_strings = on;
SELECT pg_catalog.set_config('search_path', '', false);
SET check_function_bodies = false;
SET xmloption = content;
SET client_min_messages = warning;
SET row_security = off;

--
-- TOC entry 5 (class 2615 OID 2200)
-- Name: public; Type: SCHEMA; Schema: -; Owner: postgres
--

-- *not* creating schema, since initdb creates it


ALTER SCHEMA public OWNER TO postgres;

--
-- TOC entry 3885 (class 0 OID 0)
-- Dependencies: 5
-- Name: SCHEMA public; Type: COMMENT; Schema: -; Owner: postgres
--

COMMENT ON SCHEMA public IS '';


SET default_tablespace = '';

SET default_table_access_method = heap;

--
-- TOC entry 253 (class 1259 OID 108313)
-- Name: audit_events; Type: TABLE; Schema: public; Owner: postgres
--

CREATE TABLE public.audit_events (
    id bigint NOT NULL,
    created_at timestamp with time zone NOT NULL,
    request_id character varying(64) NOT NULL,
    action character varying(200) NOT NULL,
    object_type character varying(100) NOT NULL,
    object_id character varying(100) NOT NULL,
    payload jsonb NOT NULL,
    ip inet,
    user_agent text NOT NULL,
    actor_id bigint
);


ALTER TABLE public.audit_events OWNER TO postgres;

--
-- TOC entry 252 (class 1259 OID 108312)
-- Name: audit_events_id_seq; Type: SEQUENCE; Schema: public; Owner: postgres
--

ALTER TABLE public.audit_events ALTER COLUMN id ADD GENERATED BY DEFAULT AS IDENTITY (
    SEQUENCE NAME public.audit_events_id_seq
    START WITH 1
    INCREMENT BY 1
    NO MINVALUE
    NO MAXVALUE
    CACHE 1
);


--
-- TOC entry 247 (class 1259 OID 108246)
-- Name: auth_group; Type: TABLE; Schema: public; Owner: postgres
--

CREATE TABLE public.auth_group (
    id integer NOT NULL,
    name character varying(150) NOT NULL
);


ALTER TABLE public.auth_group OWNER TO postgres;

--
-- TOC entry 246 (class 1259 OID 108245)
-- Name: auth_group_id_seq; Type: SEQUENCE; Schema: public; Owner: postgres
--

ALTER TABLE public.auth_group ALTER COLUMN id ADD GENERATED BY DEFAULT AS IDENTITY (
    SEQUENCE NAME public.auth_group_id_seq
    START WITH 1
    INCREMENT BY 1
    NO MINVALUE
    NO MAXVALUE
    CACHE 1
);


--
-- TOC entry 249 (class 1259 OID 108254)
-- Name: auth_group_permissions; Type: TABLE; Schema: public; Owner: postgres
--

CREATE TABLE public.auth_group_permissions (
    id bigint NOT NULL,
    group_id integer NOT NULL,
    permission_id integer NOT NULL
);


ALTER TABLE public.auth_group_permissions OWNER TO postgres;

--
-- TOC entry 248 (class 1259 OID 108253)
-- Name: auth_group_permissions_id_seq; Type: SEQUENCE; Schema: public; Owner: postgres
--

ALTER TABLE public.auth_group_permissions ALTER COLUMN id ADD GENERATED BY DEFAULT AS IDENTITY (
    SEQUENCE NAME public.auth_group_permissions_id_seq
    START WITH 1
    INCREMENT BY 1
    NO MINVALUE
    NO MAXVALUE
    CACHE 1
);


--
-- TOC entry 245 (class 1259 OID 108240)
-- Name: auth_permission; Type: TABLE; Schema: public; Owner: postgres
--

CREATE TABLE public.auth_permission (
    id integer NOT NULL,
    name character varying(255) NOT NULL,
    content_type_id integer NOT NULL,
    codename character varying(100) NOT NULL
);


ALTER TABLE public.auth_permission OWNER TO postgres;

--
-- TOC entry 244 (class 1259 OID 108239)
-- Name: auth_permission_id_seq; Type: SEQUENCE; Schema: public; Owner: postgres
--

ALTER TABLE public.auth_permission ALTER COLUMN id ADD GENERATED BY DEFAULT AS IDENTITY (
    SEQUENCE NAME public.auth_permission_id_seq
    START WITH 1
    INCREMENT BY 1
    NO MINVALUE
    NO MAXVALUE
    CACHE 1
);


--
-- TOC entry 221 (class 1259 OID 92091)
-- Name: desk_attachments; Type: TABLE; Schema: public; Owner: postgres
--

CREATE TABLE public.desk_attachments (
    id integer NOT NULL,
    path character varying(500) NOT NULL,
    name character varying(255) NOT NULL,
    extension character varying(10) NOT NULL,
    created_at timestamp(0) without time zone DEFAULT CURRENT_TIMESTAMP
);


ALTER TABLE public.desk_attachments OWNER TO postgres;

--
-- TOC entry 3887 (class 0 OID 0)
-- Dependencies: 221
-- Name: COLUMN desk_attachments.path; Type: COMMENT; Schema: public; Owner: postgres
--

COMMENT ON COLUMN public.desk_attachments.path IS 'Путь к файлу';


--
-- TOC entry 3888 (class 0 OID 0)
-- Dependencies: 221
-- Name: COLUMN desk_attachments.name; Type: COMMENT; Schema: public; Owner: postgres
--

COMMENT ON COLUMN public.desk_attachments.name IS 'Имя файла';


--
-- TOC entry 3889 (class 0 OID 0)
-- Dependencies: 221
-- Name: COLUMN desk_attachments.extension; Type: COMMENT; Schema: public; Owner: postgres
--

COMMENT ON COLUMN public.desk_attachments.extension IS 'Расширение файла';


--
-- TOC entry 3890 (class 0 OID 0)
-- Dependencies: 221
-- Name: COLUMN desk_attachments.created_at; Type: COMMENT; Schema: public; Owner: postgres
--

COMMENT ON COLUMN public.desk_attachments.created_at IS 'Дата создания';


--
-- TOC entry 222 (class 1259 OID 92097)
-- Name: desk_attachments_id_seq; Type: SEQUENCE; Schema: public; Owner: postgres
--

CREATE SEQUENCE public.desk_attachments_id_seq
    AS integer
    START WITH 1
    INCREMENT BY 1
    NO MINVALUE
    NO MAXVALUE
    CACHE 1;


ALTER SEQUENCE public.desk_attachments_id_seq OWNER TO postgres;

--
-- TOC entry 3891 (class 0 OID 0)
-- Dependencies: 222
-- Name: desk_attachments_id_seq; Type: SEQUENCE OWNED BY; Schema: public; Owner: postgres
--

ALTER SEQUENCE public.desk_attachments_id_seq OWNED BY public.desk_attachments.id;


--
-- TOC entry 223 (class 1259 OID 92098)
-- Name: dic_task_status; Type: TABLE; Schema: public; Owner: postgres
--

CREATE TABLE public.dic_task_status (
    id integer NOT NULL,
    status_name character varying(50) NOT NULL
);


ALTER TABLE public.dic_task_status OWNER TO postgres;

--
-- TOC entry 224 (class 1259 OID 92101)
-- Name: dic_task_status_id_seq; Type: SEQUENCE; Schema: public; Owner: postgres
--

CREATE SEQUENCE public.dic_task_status_id_seq
    AS integer
    START WITH 1
    INCREMENT BY 1
    NO MINVALUE
    NO MAXVALUE
    CACHE 1;


ALTER SEQUENCE public.dic_task_status_id_seq OWNER TO postgres;

--
-- TOC entry 3892 (class 0 OID 0)
-- Dependencies: 224
-- Name: dic_task_status_id_seq; Type: SEQUENCE OWNED BY; Schema: public; Owner: postgres
--

ALTER SEQUENCE public.dic_task_status_id_seq OWNED BY public.dic_task_status.id;


--
-- TOC entry 251 (class 1259 OID 108287)
-- Name: django_admin_log; Type: TABLE; Schema: public; Owner: postgres
--

CREATE TABLE public.django_admin_log (
    id integer NOT NULL,
    action_time timestamp with time zone NOT NULL,
    object_id text,
    object_repr character varying(200) NOT NULL,
    action_flag smallint NOT NULL,
    change_message text NOT NULL,
    content_type_id integer,
    user_id bigint NOT NULL,
    CONSTRAINT django_admin_log_action_flag_check CHECK ((action_flag >= 0))
);


ALTER TABLE public.django_admin_log OWNER TO postgres;

--
-- TOC entry 250 (class 1259 OID 108286)
-- Name: django_admin_log_id_seq; Type: SEQUENCE; Schema: public; Owner: postgres
--

ALTER TABLE public.django_admin_log ALTER COLUMN id ADD GENERATED BY DEFAULT AS IDENTITY (
    SEQUENCE NAME public.django_admin_log_id_seq
    START WITH 1
    INCREMENT BY 1
    NO MINVALUE
    NO MAXVALUE
    CACHE 1
);


--
-- TOC entry 243 (class 1259 OID 108232)
-- Name: django_content_type; Type: TABLE; Schema: public; Owner: postgres
--

CREATE TABLE public.django_content_type (
    id integer NOT NULL,
    app_label character varying(100) NOT NULL,
    model character varying(100) NOT NULL
);


ALTER TABLE public.django_content_type OWNER TO postgres;

--
-- TOC entry 242 (class 1259 OID 108231)
-- Name: django_content_type_id_seq; Type: SEQUENCE; Schema: public; Owner: postgres
--

ALTER TABLE public.django_content_type ALTER COLUMN id ADD GENERATED BY DEFAULT AS IDENTITY (
    SEQUENCE NAME public.django_content_type_id_seq
    START WITH 1
    INCREMENT BY 1
    NO MINVALUE
    NO MAXVALUE
    CACHE 1
);


--
-- TOC entry 241 (class 1259 OID 108224)
-- Name: django_migrations; Type: TABLE; Schema: public; Owner: postgres
--

CREATE TABLE public.django_migrations (
    id bigint NOT NULL,
    app character varying(255) NOT NULL,
    name character varying(255) NOT NULL,
    applied timestamp with time zone NOT NULL
);


ALTER TABLE public.django_migrations OWNER TO postgres;

--
-- TOC entry 240 (class 1259 OID 108223)
-- Name: django_migrations_id_seq; Type: SEQUENCE; Schema: public; Owner: postgres
--

ALTER TABLE public.django_migrations ALTER COLUMN id ADD GENERATED BY DEFAULT AS IDENTITY (
    SEQUENCE NAME public.django_migrations_id_seq
    START WITH 1
    INCREMENT BY 1
    NO MINVALUE
    NO MAXVALUE
    CACHE 1
);


--
-- TOC entry 254 (class 1259 OID 108331)
-- Name: django_session; Type: TABLE; Schema: public; Owner: postgres
--

CREATE TABLE public.django_session (
    session_key character varying(40) NOT NULL,
    session_data text NOT NULL,
    expire_date timestamp with time zone NOT NULL
);


ALTER TABLE public.django_session OWNER TO postgres;

--
-- TOC entry 218 (class 1259 OID 92083)
-- Name: equip_history; Type: TABLE; Schema: public; Owner: postgres
--

CREATE TABLE public.equip_history (
    id integer NOT NULL,
    equipment_id integer NOT NULL,
    changed_by integer,
    change_type character varying(50) NOT NULL,
    old_value text,
    new_value text,
    change_date timestamp without time zone DEFAULT CURRENT_TIMESTAMP,
    comment text
);


ALTER TABLE public.equip_history OWNER TO postgres;

--
-- TOC entry 219 (class 1259 OID 92089)
-- Name: equip_history_id_seq; Type: SEQUENCE; Schema: public; Owner: postgres
--

CREATE SEQUENCE public.equip_history_id_seq
    AS integer
    START WITH 1
    INCREMENT BY 1
    NO MINVALUE
    NO MAXVALUE
    CACHE 1;


ALTER SEQUENCE public.equip_history_id_seq OWNER TO postgres;

--
-- TOC entry 3893 (class 0 OID 0)
-- Dependencies: 219
-- Name: equip_history_id_seq; Type: SEQUENCE OWNED BY; Schema: public; Owner: postgres
--

ALTER SEQUENCE public.equip_history_id_seq OWNED BY public.equip_history.id;


--
-- TOC entry 217 (class 1259 OID 92077)
-- Name: equipment; Type: TABLE; Schema: public; Owner: postgres
--

CREATE TABLE public.equipment (
    id integer NOT NULL,
    name character varying(200) NOT NULL,
    user_id integer,
    location_id integer NOT NULL,
    description text,
    created_at timestamp without time zone DEFAULT CURRENT_TIMESTAMP
);


ALTER TABLE public.equipment OWNER TO postgres;

--
-- TOC entry 220 (class 1259 OID 92090)
-- Name: equipment_id_seq; Type: SEQUENCE; Schema: public; Owner: postgres
--

CREATE SEQUENCE public.equipment_id_seq
    AS integer
    START WITH 1
    INCREMENT BY 1
    NO MINVALUE
    NO MAXVALUE
    CACHE 1;


ALTER SEQUENCE public.equipment_id_seq OWNER TO postgres;

--
-- TOC entry 3894 (class 0 OID 0)
-- Dependencies: 220
-- Name: equipment_id_seq; Type: SEQUENCE OWNED BY; Schema: public; Owner: postgres
--

ALTER SEQUENCE public.equipment_id_seq OWNED BY public.equipment.id;


--
-- TOC entry 260 (class 1259 OID 108357)
-- Name: licenses; Type: TABLE; Schema: public; Owner: postgres
--

CREATE TABLE public.licenses (
    id bigint NOT NULL,
    key character varying(255) NOT NULL,
    valid_from date,
    valid_to date,
    seats integer NOT NULL,
    comment text NOT NULL,
    software_id bigint NOT NULL,
    CONSTRAINT licenses_seats_check CHECK ((seats >= 0))
);


ALTER TABLE public.licenses OWNER TO postgres;

--
-- TOC entry 259 (class 1259 OID 108356)
-- Name: licenses_id_seq; Type: SEQUENCE; Schema: public; Owner: postgres
--

ALTER TABLE public.licenses ALTER COLUMN id ADD GENERATED BY DEFAULT AS IDENTITY (
    SEQUENCE NAME public.licenses_id_seq
    START WITH 1
    INCREMENT BY 1
    NO MINVALUE
    NO MAXVALUE
    CACHE 1
);


--
-- TOC entry 225 (class 1259 OID 92102)
-- Name: locations; Type: TABLE; Schema: public; Owner: postgres
--

CREATE TABLE public.locations (
    id integer NOT NULL,
    name character varying(100) NOT NULL,
    location_type character varying(50) NOT NULL,
    floor integer,
    description text,
    CONSTRAINT chk_location_type CHECK (((location_type)::text = ANY (ARRAY[('кабинет'::character varying)::text, ('склад'::character varying)::text, ('серверная'::character varying)::text, ('лаборатория'::character varying)::text, ('другое'::character varying)::text])))
);


ALTER TABLE public.locations OWNER TO postgres;

--
-- TOC entry 226 (class 1259 OID 92108)
-- Name: locations_id_seq; Type: SEQUENCE; Schema: public; Owner: postgres
--

CREATE SEQUENCE public.locations_id_seq
    AS integer
    START WITH 1
    INCREMENT BY 1
    NO MINVALUE
    NO MAXVALUE
    CACHE 1;


ALTER SEQUENCE public.locations_id_seq OWNER TO postgres;

--
-- TOC entry 3895 (class 0 OID 0)
-- Dependencies: 226
-- Name: locations_id_seq; Type: SEQUENCE OWNED BY; Schema: public; Owner: postgres
--

ALTER SEQUENCE public.locations_id_seq OWNED BY public.locations.id;


--
-- TOC entry 227 (class 1259 OID 92109)
-- Name: migration; Type: TABLE; Schema: public; Owner: postgres
--

CREATE TABLE public.migration (
    version character varying(180) NOT NULL,
    apply_time integer
);


ALTER TABLE public.migration OWNER TO postgres;

--
-- TOC entry 228 (class 1259 OID 92112)
-- Name: part_char_values; Type: TABLE; Schema: public; Owner: postgres
--

CREATE TABLE public.part_char_values (
    id integer NOT NULL,
    part_id integer NOT NULL,
    char_id integer NOT NULL,
    value_text text,
    equipment_id integer NOT NULL
);


ALTER TABLE public.part_char_values OWNER TO postgres;

--
-- TOC entry 229 (class 1259 OID 92117)
-- Name: part_char_values_id_seq; Type: SEQUENCE; Schema: public; Owner: postgres
--

CREATE SEQUENCE public.part_char_values_id_seq
    AS integer
    START WITH 1
    INCREMENT BY 1
    NO MINVALUE
    NO MAXVALUE
    CACHE 1;


ALTER SEQUENCE public.part_char_values_id_seq OWNER TO postgres;

--
-- TOC entry 3896 (class 0 OID 0)
-- Dependencies: 229
-- Name: part_char_values_id_seq; Type: SEQUENCE OWNED BY; Schema: public; Owner: postgres
--

ALTER SEQUENCE public.part_char_values_id_seq OWNED BY public.part_char_values.id;


--
-- TOC entry 230 (class 1259 OID 92118)
-- Name: roles; Type: TABLE; Schema: public; Owner: postgres
--

CREATE TABLE public.roles (
    id integer NOT NULL,
    role_name character varying
);


ALTER TABLE public.roles OWNER TO postgres;

--
-- TOC entry 231 (class 1259 OID 92123)
-- Name: roles_id_seq; Type: SEQUENCE; Schema: public; Owner: postgres
--

ALTER TABLE public.roles ALTER COLUMN id ADD GENERATED ALWAYS AS IDENTITY (
    SEQUENCE NAME public.roles_id_seq
    START WITH 1
    INCREMENT BY 1
    NO MINVALUE
    NO MAXVALUE
    CACHE 1
);


--
-- TOC entry 258 (class 1259 OID 108347)
-- Name: software; Type: TABLE; Schema: public; Owner: postgres
--

CREATE TABLE public.software (
    id bigint NOT NULL,
    name character varying(255) NOT NULL,
    vendor character varying(255) NOT NULL,
    description text NOT NULL
);


ALTER TABLE public.software OWNER TO postgres;

--
-- TOC entry 257 (class 1259 OID 108346)
-- Name: software_id_seq; Type: SEQUENCE; Schema: public; Owner: postgres
--

ALTER TABLE public.software ALTER COLUMN id ADD GENERATED BY DEFAULT AS IDENTITY (
    SEQUENCE NAME public.software_id_seq
    START WITH 1
    INCREMENT BY 1
    NO MINVALUE
    NO MAXVALUE
    CACHE 1
);


--
-- TOC entry 256 (class 1259 OID 108341)
-- Name: software_installs; Type: TABLE; Schema: public; Owner: postgres
--

CREATE TABLE public.software_installs (
    id bigint NOT NULL,
    equipment_id integer NOT NULL,
    installed_at timestamp with time zone NOT NULL,
    version character varying(100) NOT NULL,
    installed_by_id bigint,
    license_id bigint,
    software_id bigint NOT NULL
);


ALTER TABLE public.software_installs OWNER TO postgres;

--
-- TOC entry 255 (class 1259 OID 108340)
-- Name: software_installs_id_seq; Type: SEQUENCE; Schema: public; Owner: postgres
--

ALTER TABLE public.software_installs ALTER COLUMN id ADD GENERATED BY DEFAULT AS IDENTITY (
    SEQUENCE NAME public.software_installs_id_seq
    START WITH 1
    INCREMENT BY 1
    NO MINVALUE
    NO MAXVALUE
    CACHE 1
);


--
-- TOC entry 232 (class 1259 OID 92124)
-- Name: spr_chars; Type: TABLE; Schema: public; Owner: postgres
--

CREATE TABLE public.spr_chars (
    id integer NOT NULL,
    name character varying(100) NOT NULL,
    description text,
    measurement_unit character varying
);


ALTER TABLE public.spr_chars OWNER TO postgres;

--
-- TOC entry 233 (class 1259 OID 92129)
-- Name: spr_chars_id_seq; Type: SEQUENCE; Schema: public; Owner: postgres
--

CREATE SEQUENCE public.spr_chars_id_seq
    AS integer
    START WITH 1
    INCREMENT BY 1
    NO MINVALUE
    NO MAXVALUE
    CACHE 1;


ALTER SEQUENCE public.spr_chars_id_seq OWNER TO postgres;

--
-- TOC entry 3897 (class 0 OID 0)
-- Dependencies: 233
-- Name: spr_chars_id_seq; Type: SEQUENCE OWNED BY; Schema: public; Owner: postgres
--

ALTER SEQUENCE public.spr_chars_id_seq OWNED BY public.spr_chars.id;


--
-- TOC entry 234 (class 1259 OID 92130)
-- Name: spr_parts; Type: TABLE; Schema: public; Owner: postgres
--

CREATE TABLE public.spr_parts (
    id integer NOT NULL,
    name character varying(100) NOT NULL,
    description text,
    CONSTRAINT chk_name_not_empty CHECK ((length(TRIM(BOTH FROM name)) > 0))
);


ALTER TABLE public.spr_parts OWNER TO postgres;

--
-- TOC entry 235 (class 1259 OID 92136)
-- Name: spr_parts_id_seq; Type: SEQUENCE; Schema: public; Owner: postgres
--

CREATE SEQUENCE public.spr_parts_id_seq
    AS integer
    START WITH 1
    INCREMENT BY 1
    NO MINVALUE
    NO MAXVALUE
    CACHE 1;


ALTER SEQUENCE public.spr_parts_id_seq OWNER TO postgres;

--
-- TOC entry 3898 (class 0 OID 0)
-- Dependencies: 235
-- Name: spr_parts_id_seq; Type: SEQUENCE OWNED BY; Schema: public; Owner: postgres
--

ALTER SEQUENCE public.spr_parts_id_seq OWNED BY public.spr_parts.id;


--
-- TOC entry 236 (class 1259 OID 92137)
-- Name: tasks; Type: TABLE; Schema: public; Owner: postgres
--

CREATE TABLE public.tasks (
    id integer NOT NULL,
    status_id integer NOT NULL,
    description text NOT NULL,
    user_id integer NOT NULL,
    date timestamp without time zone DEFAULT CURRENT_TIMESTAMP,
    last_time_update timestamp without time zone DEFAULT CURRENT_TIMESTAMP,
    comment text,
    executor_id integer,
    attachments text
);


ALTER TABLE public.tasks OWNER TO postgres;

--
-- TOC entry 3899 (class 0 OID 0)
-- Dependencies: 236
-- Name: COLUMN tasks.executor_id; Type: COMMENT; Schema: public; Owner: postgres
--

COMMENT ON COLUMN public.tasks.executor_id IS 'ID исполнителя';


--
-- TOC entry 237 (class 1259 OID 92144)
-- Name: tasks_id_seq; Type: SEQUENCE; Schema: public; Owner: postgres
--

CREATE SEQUENCE public.tasks_id_seq
    AS integer
    START WITH 1
    INCREMENT BY 1
    NO MINVALUE
    NO MAXVALUE
    CACHE 1;


ALTER SEQUENCE public.tasks_id_seq OWNER TO postgres;

--
-- TOC entry 3900 (class 0 OID 0)
-- Dependencies: 237
-- Name: tasks_id_seq; Type: SEQUENCE OWNED BY; Schema: public; Owner: postgres
--

ALTER SEQUENCE public.tasks_id_seq OWNED BY public.tasks.id;


--
-- TOC entry 238 (class 1259 OID 92145)
-- Name: users; Type: TABLE; Schema: public; Owner: postgres
--

CREATE TABLE public.users (
    id integer NOT NULL,
    full_name character varying(200) NOT NULL,
    "position" character varying(100),
    department character varying(100),
    email character varying(100),
    phone character varying(50),
    created_at timestamp without time zone DEFAULT CURRENT_TIMESTAMP,
    password character varying(100),
    auth_key character varying(32) DEFAULT NULL::character varying,
    access_token character varying(255) DEFAULT NULL::character varying,
    password_reset_token character varying(255) DEFAULT NULL::character varying,
    role_id integer NOT NULL,
    CONSTRAINT chk_fullname_not_empty CHECK ((length(TRIM(BOTH FROM full_name)) > 0))
);


ALTER TABLE public.users OWNER TO postgres;

--
-- TOC entry 3901 (class 0 OID 0)
-- Dependencies: 238
-- Name: TABLE users; Type: COMMENT; Schema: public; Owner: postgres
--

COMMENT ON TABLE public.users IS 'Работники организации';


--
-- TOC entry 239 (class 1259 OID 92155)
-- Name: users_id_seq; Type: SEQUENCE; Schema: public; Owner: postgres
--

CREATE SEQUENCE public.users_id_seq
    AS integer
    START WITH 1
    INCREMENT BY 1
    NO MINVALUE
    NO MAXVALUE
    CACHE 1;


ALTER SEQUENCE public.users_id_seq OWNER TO postgres;

--
-- TOC entry 3902 (class 0 OID 0)
-- Dependencies: 239
-- Name: users_id_seq; Type: SEQUENCE OWNED BY; Schema: public; Owner: postgres
--

ALTER SEQUENCE public.users_id_seq OWNED BY public.users.id;


--
-- TOC entry 3562 (class 2604 OID 92257)
-- Name: desk_attachments id; Type: DEFAULT; Schema: public; Owner: postgres
--

ALTER TABLE ONLY public.desk_attachments ALTER COLUMN id SET DEFAULT nextval('public.desk_attachments_id_seq'::regclass);


--
-- TOC entry 3564 (class 2604 OID 92253)
-- Name: dic_task_status id; Type: DEFAULT; Schema: public; Owner: postgres
--

ALTER TABLE ONLY public.dic_task_status ALTER COLUMN id SET DEFAULT nextval('public.dic_task_status_id_seq'::regclass);


--
-- TOC entry 3560 (class 2604 OID 92327)
-- Name: equip_history id; Type: DEFAULT; Schema: public; Owner: postgres
--

ALTER TABLE ONLY public.equip_history ALTER COLUMN id SET DEFAULT nextval('public.equip_history_id_seq'::regclass);


--
-- TOC entry 3558 (class 2604 OID 92326)
-- Name: equipment id; Type: DEFAULT; Schema: public; Owner: postgres
--

ALTER TABLE ONLY public.equipment ALTER COLUMN id SET DEFAULT nextval('public.equipment_id_seq'::regclass);


--
-- TOC entry 3565 (class 2604 OID 92250)
-- Name: locations id; Type: DEFAULT; Schema: public; Owner: postgres
--

ALTER TABLE ONLY public.locations ALTER COLUMN id SET DEFAULT nextval('public.locations_id_seq'::regclass);


--
-- TOC entry 3566 (class 2604 OID 92256)
-- Name: part_char_values id; Type: DEFAULT; Schema: public; Owner: postgres
--

ALTER TABLE ONLY public.part_char_values ALTER COLUMN id SET DEFAULT nextval('public.part_char_values_id_seq'::regclass);


--
-- TOC entry 3567 (class 2604 OID 92310)
-- Name: spr_chars id; Type: DEFAULT; Schema: public; Owner: postgres
--

ALTER TABLE ONLY public.spr_chars ALTER COLUMN id SET DEFAULT nextval('public.spr_chars_id_seq'::regclass);


--
-- TOC entry 3568 (class 2604 OID 92254)
-- Name: spr_parts id; Type: DEFAULT; Schema: public; Owner: postgres
--

ALTER TABLE ONLY public.spr_parts ALTER COLUMN id SET DEFAULT nextval('public.spr_parts_id_seq'::regclass);


--
-- TOC entry 3569 (class 2604 OID 92164)
-- Name: tasks id; Type: DEFAULT; Schema: public; Owner: postgres
--

ALTER TABLE ONLY public.tasks ALTER COLUMN id SET DEFAULT nextval('public.tasks_id_seq'::regclass);


--
-- TOC entry 3572 (class 2604 OID 92249)
-- Name: users id; Type: DEFAULT; Schema: public; Owner: postgres
--

ALTER TABLE ONLY public.users ALTER COLUMN id SET DEFAULT nextval('public.users_id_seq'::regclass);


--
-- TOC entry 3872 (class 0 OID 108313)
-- Dependencies: 253
-- Data for Name: audit_events; Type: TABLE DATA; Schema: public; Owner: postgres
--

COPY public.audit_events (id, created_at, request_id, action, object_type, object_id, payload, ip, user_agent, actor_id) FROM stdin;
\.


--
-- TOC entry 3866 (class 0 OID 108246)
-- Dependencies: 247
-- Data for Name: auth_group; Type: TABLE DATA; Schema: public; Owner: postgres
--

COPY public.auth_group (id, name) FROM stdin;
\.


--
-- TOC entry 3868 (class 0 OID 108254)
-- Dependencies: 249
-- Data for Name: auth_group_permissions; Type: TABLE DATA; Schema: public; Owner: postgres
--

COPY public.auth_group_permissions (id, group_id, permission_id) FROM stdin;
\.


--
-- TOC entry 3864 (class 0 OID 108240)
-- Dependencies: 245
-- Data for Name: auth_permission; Type: TABLE DATA; Schema: public; Owner: postgres
--

COPY public.auth_permission (id, name, content_type_id, codename) FROM stdin;
1	Can add log entry	1	add_logentry
2	Can change log entry	1	change_logentry
3	Can delete log entry	1	delete_logentry
4	Can view log entry	1	view_logentry
5	Can add permission	3	add_permission
6	Can change permission	3	change_permission
7	Can delete permission	3	delete_permission
8	Can view permission	3	view_permission
9	Can add group	2	add_group
10	Can change group	2	change_group
11	Can delete group	2	delete_group
12	Can view group	2	view_group
13	Can add content type	4	add_contenttype
14	Can change content type	4	change_contenttype
15	Can delete content type	4	delete_contenttype
16	Can view content type	4	view_contenttype
17	Can add Роль	5	add_role
18	Can change Роль	5	change_role
19	Can delete Роль	5	delete_role
20	Can view Роль	5	view_role
21	Can add Пользователь	6	add_user
22	Can change Пользователь	6	change_user
23	Can delete Пользователь	6	delete_user
24	Can view Пользователь	6	view_user
25	Can add История оборудования	7	add_equiphistory
26	Can change История оборудования	7	change_equiphistory
27	Can delete История оборудования	7	delete_equiphistory
28	Can view История оборудования	7	view_equiphistory
29	Can add Оборудование	8	add_equipment
30	Can change Оборудование	8	change_equipment
31	Can delete Оборудование	8	delete_equipment
32	Can view Оборудование	8	view_equipment
33	Can add Локация	9	add_location
34	Can change Локация	9	change_location
35	Can delete Локация	9	delete_location
36	Can view Локация	9	view_location
37	Can add Значение характеристики	10	add_partcharvalue
38	Can change Значение характеристики	10	change_partcharvalue
39	Can delete Значение характеристики	10	delete_partcharvalue
40	Can view Значение характеристики	10	view_partcharvalue
41	Can add Характеристика	11	add_sprchar
42	Can change Характеристика	11	change_sprchar
43	Can delete Характеристика	11	delete_sprchar
44	Can view Характеристика	11	view_sprchar
45	Can add Комплектующая	12	add_sprpart
46	Can change Комплектующая	12	change_sprpart
47	Can delete Комплектующая	12	delete_sprpart
48	Can view Комплектующая	12	view_sprpart
49	Can add session	13	add_session
50	Can change session	13	change_session
51	Can delete session	13	delete_session
52	Can view session	13	view_session
53	Can add Установка ПО	16	add_softwareinstall
54	Can change Установка ПО	16	change_softwareinstall
55	Can delete Установка ПО	16	delete_softwareinstall
56	Can view Установка ПО	16	view_softwareinstall
57	Can add ПО	15	add_software
58	Can change ПО	15	change_software
59	Can delete ПО	15	delete_software
60	Can view ПО	15	view_software
61	Can add Лицензия	14	add_license
62	Can change Лицензия	14	change_license
63	Can delete Лицензия	14	delete_license
64	Can view Лицензия	14	view_license
65	Can add Событие аудита	17	add_auditevent
66	Can change Событие аудита	17	change_auditevent
67	Can delete Событие аудита	17	delete_auditevent
68	Can view Событие аудита	17	view_auditevent
69	Can add Заявка	19	add_task
70	Can change Заявка	19	change_task
71	Can delete Заявка	19	delete_task
72	Can view Заявка	19	view_task
73	Can add Вложение заявки	20	add_taskattachment
74	Can change Вложение заявки	20	change_taskattachment
75	Can delete Вложение заявки	20	delete_taskattachment
76	Can view Вложение заявки	20	view_taskattachment
77	Can add Статус заявки	21	add_taskstatus
78	Can change Статус заявки	21	change_taskstatus
79	Can delete Статус заявки	21	delete_taskstatus
80	Can view Статус заявки	21	view_taskstatus
81	Can add Вложение	18	add_attachment
82	Can change Вложение	18	change_attachment
83	Can delete Вложение	18	delete_attachment
84	Can view Вложение	18	view_attachment
\.


--
-- TOC entry 3840 (class 0 OID 92091)
-- Dependencies: 221
-- Data for Name: desk_attachments; Type: TABLE DATA; Schema: public; Owner: postgres
--

COPY public.desk_attachments (id, path, name, extension, created_at) FROM stdin;
1	/uploads/tasks/1761746108_pngwing.com.png	pngwing.com.png	png	2025-10-29 16:55:09
2	/uploads/tasks/1761746142_pngwing.com(2).png	pngwing.com(2).png	png	2025-10-29 16:55:42
3	/uploads/tasks/1761746903_pngwing.com(2).png	pngwing.com(2).png	png	2025-10-29 17:08:24
4	/uploads/tasks/1761750249_pngwing.com(2).png	pngwing.com(2).png	png	2025-10-29 18:04:09
5	/uploads/tasks/1762020718_69064d6e2cefc_uch_v1.txt	uch_v1.txt	txt	2025-11-01 21:11:58
6	/uploads/tasks/1762021317_69064fc54f70f_uch_v1.txt	uch_v1.txt	txt	2025-11-01 21:21:57
7	/uploads/tasks/1762021793_690651a171e08_Физическая_исп.docx	Физическая_исп.docx	docx	2025-11-01 21:29:53
8	/uploads/tasks/1762021931_6906522b2e8c9_op_r_ddl_v5.txt	op_r_ddl_v5.txt	txt	2025-11-01 21:32:11
9	/uploads/tasks/1762022044_6906529ca0b61_uch_v1.txt	uch_v1.txt	txt	2025-11-01 21:34:05
10	/uploads/tasks/1762022058_690652aabda2b_uch_v1.txt	uch_v1.txt	txt	2025-11-01 21:34:19
11	/uploads/tasks/1762023989_69065a359f43e_форель.png	форель.png	png	2025-11-01 22:06:30
12	/uploads/tasks/1762024774_69065d465dbed_форель.png	форель.png	png	2025-11-01 22:19:34
13	/uploads/tasks/1762024858_69065d9a60c18_j_s.png	j_s.png	png	2025-11-01 22:20:58
14	/uploads/tasks/1762024858_69065d9a62e4a_форель.png	форель.png	png	2025-11-01 22:20:58
15	/uploads/tasks/1762203057_690915b175243_j_s.png	j_s.png	png	2025-11-03 23:50:57
16	/uploads/tasks/1762203057_690915b177879_форель.png	форель.png	png	2025-11-03 23:50:57
\.


--
-- TOC entry 3842 (class 0 OID 92098)
-- Dependencies: 223
-- Data for Name: dic_task_status; Type: TABLE DATA; Schema: public; Owner: postgres
--

COPY public.dic_task_status (id, status_name) FROM stdin;
3	Отменено
1	Открыта
2	В работе
6	Завершено
\.


--
-- TOC entry 3870 (class 0 OID 108287)
-- Dependencies: 251
-- Data for Name: django_admin_log; Type: TABLE DATA; Schema: public; Owner: postgres
--

COPY public.django_admin_log (id, action_time, object_id, object_repr, action_flag, change_message, content_type_id, user_id) FROM stdin;
\.


--
-- TOC entry 3862 (class 0 OID 108232)
-- Dependencies: 243
-- Data for Name: django_content_type; Type: TABLE DATA; Schema: public; Owner: postgres
--

COPY public.django_content_type (id, app_label, model) FROM stdin;
1	admin	logentry
2	auth	group
3	auth	permission
4	contenttypes	contenttype
5	users	role
6	users	user
7	assets	equiphistory
8	assets	equipment
9	assets	location
10	assets	partcharvalue
11	assets	sprchar
12	assets	sprpart
13	sessions	session
14	software	license
15	software	software
16	software	softwareinstall
17	audit	auditevent
18	tasks	attachment
19	tasks	task
20	tasks	taskattachment
21	tasks	taskstatus
\.


--
-- TOC entry 3860 (class 0 OID 108224)
-- Dependencies: 241
-- Data for Name: django_migrations; Type: TABLE DATA; Schema: public; Owner: postgres
--

COPY public.django_migrations (id, app, name, applied) FROM stdin;
1	contenttypes	0001_initial	2026-02-07 23:33:02.342222+03
2	contenttypes	0002_remove_content_type_name	2026-02-07 23:33:02.344885+03
3	auth	0001_initial	2026-02-07 23:33:02.370049+03
4	auth	0002_alter_permission_name_max_length	2026-02-07 23:33:02.371555+03
5	auth	0003_alter_user_email_max_length	2026-02-07 23:33:02.372976+03
6	auth	0004_alter_user_username_opts	2026-02-07 23:33:02.374401+03
7	auth	0005_alter_user_last_login_null	2026-02-07 23:33:02.376057+03
8	auth	0006_require_contenttypes_0002	2026-02-07 23:33:02.376553+03
9	auth	0007_alter_validators_add_error_messages	2026-02-07 23:33:02.378266+03
10	auth	0008_alter_user_username_max_length	2026-02-07 23:33:02.380388+03
11	auth	0009_alter_user_last_name_max_length	2026-02-07 23:33:02.382057+03
12	auth	0010_alter_group_name_max_length	2026-02-07 23:33:02.385554+03
13	auth	0011_update_proxy_permissions	2026-02-07 23:33:02.387116+03
14	auth	0012_alter_user_first_name_max_length	2026-02-07 23:33:02.388602+03
15	users	0001_initial	2026-02-07 23:33:07.744326+03
16	admin	0001_initial	2026-02-07 23:33:07.763008+03
17	admin	0002_logentry_remove_auto_add	2026-02-07 23:33:07.765821+03
18	admin	0003_logentry_add_action_flag_choices	2026-02-07 23:33:07.76792+03
19	assets	0001_initial	2026-02-07 23:33:07.771439+03
20	assets	0002_initial	2026-02-07 23:33:11.96494+03
21	audit	0001_initial	2026-02-07 23:33:14.957282+03
22	audit	0002_initial	2026-02-07 23:33:14.999103+03
23	sessions	0001_initial	2026-02-07 23:33:15.005698+03
24	software	0001_initial	2026-02-07 23:33:15.02713+03
25	software	0002_initial	2026-02-07 23:33:15.085321+03
26	tasks	0001_initial	2026-02-07 23:33:20.838548+03
27	tasks	0002_initial	2026-02-07 23:33:20.83954+03
28	tasks	0003_alter_attachment_created_at_alter_task_created_at_and_more	2026-02-07 23:33:20.839903+03
29	tasks	0004_seed_task_statuses	2026-02-07 23:33:58.656259+03
30	users	0002_alter_user_created_at	2026-02-07 23:33:58.92247+03
31	users	0003_seed_roles	2026-02-07 23:33:58.923888+03
\.


--
-- TOC entry 3873 (class 0 OID 108331)
-- Dependencies: 254
-- Data for Name: django_session; Type: TABLE DATA; Schema: public; Owner: postgres
--

COPY public.django_session (session_key, session_data, expire_date) FROM stdin;
\.


--
-- TOC entry 3837 (class 0 OID 92083)
-- Dependencies: 218
-- Data for Name: equip_history; Type: TABLE DATA; Schema: public; Owner: postgres
--

COPY public.equip_history (id, equipment_id, changed_by, change_type, old_value, new_value, change_date, comment) FROM stdin;
\.


--
-- TOC entry 3836 (class 0 OID 92077)
-- Dependencies: 217
-- Data for Name: equipment; Type: TABLE DATA; Schema: public; Owner: postgres
--

COPY public.equipment (id, name, user_id, location_id, description, created_at) FROM stdin;
103	АРМ-301	301	183	Рабочее место пользователя	2025-10-27 11:44:19.826015
104	АРМ-302	302	184	Рабочее место пользователя	2025-10-27 11:44:19.826015
105	АРМ-303	303	185	Рабочее место пользователя	2025-10-27 11:44:19.826015
106	АРМ-304	304	186	Рабочее место пользователя	2025-10-27 11:44:19.826015
107	АРМ-305	305	187	Рабочее место пользователя	2025-10-27 11:44:19.826015
108	АРМ-306	306	188	Рабочее место пользователя	2025-10-27 11:44:19.826015
109	АРМ-307	307	189	Рабочее место пользователя	2025-10-27 11:44:19.826015
110	АРМ-308	308	190	Рабочее место пользователя	2025-10-27 11:44:19.826015
111	АРМ-309	309	191	Рабочее место пользователя	2025-10-27 11:44:19.826015
112	АРМ-310	310	192	Рабочее место пользователя	2025-10-27 11:44:19.826015
113	АРМ-311	311	193	Рабочее место пользователя	2025-10-27 11:44:19.826015
114	АРМ-312	312	194	Рабочее место пользователя	2025-10-27 11:44:19.826015
115	АРМ-313	313	195	Рабочее место пользователя	2025-10-27 11:44:19.826015
116	АРМ-314	314	196	Рабочее место пользователя	2025-10-27 11:44:19.826015
117	АРМ-315	315	197	Рабочее место пользователя	2025-10-27 11:44:19.826015
118	АРМ-316	316	198	Рабочее место пользователя	2025-10-27 11:44:19.826015
119	АРМ-317	317	199	Рабочее место пользователя	2025-10-27 11:44:19.826015
120	АРМ-318	318	200	Рабочее место пользователя	2025-10-27 11:44:19.826015
121	АРМ-319	319	201	Рабочее место пользователя	2025-10-27 11:44:19.826015
122	АРМ-320	320	202	Рабочее место пользователя	2025-10-27 11:44:19.826015
123	АРМ-321	321	203	Рабочее место пользователя	2025-10-27 11:44:19.826015
124	АРМ-322	322	204	Рабочее место пользователя	2025-10-27 11:44:19.826015
125	АРМ-323	323	205	Рабочее место пользователя	2025-10-27 11:44:19.826015
126	АРМ-324	324	206	Рабочее место пользователя	2025-10-27 11:44:19.826015
127	АРМ-325	325	207	Рабочее место пользователя	2025-10-27 11:44:19.826015
128	АРМ-326	326	208	Рабочее место пользователя	2025-10-27 11:44:19.826015
129	АРМ-327	327	209	Рабочее место пользователя	2025-10-27 11:44:19.826015
130	АРМ-328	328	210	Рабочее место пользователя	2025-10-27 11:44:19.826015
131	АРМ-329	329	211	Рабочее место пользователя	2025-10-27 11:44:19.826015
132	АРМ-330	330	212	Рабочее место пользователя	2025-10-27 11:44:19.826015
133	АРМ-331	331	213	Рабочее место пользователя	2025-10-27 11:44:19.826015
134	АРМ-332	332	214	Рабочее место пользователя	2025-10-27 11:44:19.826015
135	АРМ-333	333	215	Рабочее место пользователя	2025-10-27 11:44:19.826015
136	АРМ-334	334	216	Рабочее место пользователя	2025-10-27 11:44:19.826015
137	АРМ-335	335	217	Рабочее место пользователя	2025-10-27 11:44:19.826015
138	АРМ-336	336	218	Рабочее место пользователя	2025-10-27 11:44:19.826015
139	АРМ-337	337	219	Рабочее место пользователя	2025-10-27 11:44:19.826015
140	АРМ-338	338	220	Рабочее место пользователя	2025-10-27 11:44:19.826015
141	АРМ-339	339	221	Рабочее место пользователя	2025-10-27 11:44:19.826015
142	АРМ-340	340	222	Рабочее место пользователя	2025-10-27 11:44:19.826015
143	АРМ-341	341	223	Рабочее место пользователя	2025-10-27 11:44:19.826015
144	АРМ-342	342	224	Рабочее место пользователя	2025-10-27 11:44:19.826015
145	АРМ-343	343	225	Рабочее место пользователя	2025-10-27 11:44:19.826015
146	АРМ-344	344	226	Рабочее место пользователя	2025-10-27 11:44:19.826015
147	АРМ-345	345	227	Рабочее место пользователя	2025-10-27 11:44:19.826015
148	АРМ-346	346	228	Рабочее место пользователя	2025-10-27 11:44:19.826015
149	АРМ-347	347	229	Рабочее место пользователя	2025-10-27 11:44:19.826015
150	АРМ-348	348	230	Рабочее место пользователя	2025-10-27 11:44:19.826015
151	АРМ-349	349	231	Рабочее место пользователя	2025-10-27 11:44:19.826015
152	АРМ-350	350	232	Рабочее место пользователя	2025-10-27 11:44:19.826015
153	АРМ-351	351	233	Рабочее место пользователя	2025-10-27 11:44:19.826015
154	АРМ-352	352	234	Рабочее место пользователя	2025-10-27 11:44:19.826015
155	АРМ-353	353	235	Рабочее место пользователя	2025-10-27 11:44:19.826015
156	АРМ-354	354	236	Рабочее место пользователя	2025-10-27 11:44:19.826015
157	АРМ-355	355	237	Рабочее место пользователя	2025-10-27 11:44:19.826015
158	АРМ-356	356	238	Рабочее место пользователя	2025-10-27 11:44:19.826015
159	АРМ-357	357	239	Рабочее место пользователя	2025-10-27 11:44:19.826015
160	АРМ-358	358	240	Рабочее место пользователя	2025-10-27 11:44:19.826015
161	АРМ-359	359	241	Рабочее место пользователя	2025-10-27 11:44:19.826015
162	АРМ-360	360	242	Рабочее место пользователя	2025-10-27 11:44:19.826015
163	АРМ-361	361	243	Рабочее место пользователя	2025-10-27 11:44:19.826015
164	АРМ-362	362	244	Рабочее место пользователя	2025-10-27 11:44:19.826015
165	АРМ-363	363	245	Рабочее место пользователя	2025-10-27 11:44:19.826015
166	АРМ-364	364	246	Рабочее место пользователя	2025-10-27 11:44:19.826015
167	АРМ-365	365	247	Рабочее место пользователя	2025-10-27 11:44:19.826015
168	АРМ-366	366	248	Рабочее место пользователя	2025-10-27 11:44:19.826015
169	АРМ-367	367	249	Рабочее место пользователя	2025-10-27 11:44:19.826015
170	АРМ-368	368	250	Рабочее место пользователя	2025-10-27 11:44:19.826015
171	АРМ-369	369	251	Рабочее место пользователя	2025-10-27 11:44:19.826015
172	АРМ-370	370	252	Рабочее место пользователя	2025-10-27 11:44:19.826015
173	АРМ-371	371	253	Рабочее место пользователя	2025-10-27 11:44:19.826015
174	АРМ-372	372	254	Рабочее место пользователя	2025-10-27 11:44:19.826015
175	АРМ-373	373	255	Рабочее место пользователя	2025-10-27 11:44:19.826015
176	АРМ-374	374	256	Рабочее место пользователя	2025-10-27 11:44:19.826015
177	АРМ-375	375	257	Рабочее место пользователя	2025-10-27 11:44:19.826015
178	АРМ-376	376	258	Рабочее место пользователя	2025-10-27 11:44:19.826015
179	АРМ-377	377	259	Рабочее место пользователя	2025-10-27 11:44:19.826015
180	АРМ-378	378	260	Рабочее место пользователя	2025-10-27 11:44:19.826015
181	АРМ-379	379	261	Рабочее место пользователя	2025-10-27 11:44:19.826015
182	АРМ-380	380	262	Рабочее место пользователя	2025-10-27 11:44:19.826015
183	АРМ-381	381	263	Рабочее место пользователя	2025-10-27 11:44:19.826015
184	АРМ-382	382	264	Рабочее место пользователя	2025-10-27 11:44:19.826015
185	АРМ-383	383	265	Рабочее место пользователя	2025-10-27 11:44:19.826015
186	АРМ-384	384	266	Рабочее место пользователя	2025-10-27 11:44:19.826015
187	АРМ-385	385	267	Рабочее место пользователя	2025-10-27 11:44:19.826015
188	АРМ-386	386	268	Рабочее место пользователя	2025-10-27 11:44:19.826015
189	АРМ-387	387	269	Рабочее место пользователя	2025-10-27 11:44:19.826015
190	АРМ-388	388	270	Рабочее место пользователя	2025-10-27 11:44:19.826015
191	АРМ-389	389	271	Рабочее место пользователя	2025-10-27 11:44:19.826015
192	АРМ-390	390	272	Рабочее место пользователя	2025-10-27 11:44:19.826015
193	АРМ-391	391	273	Рабочее место пользователя	2025-10-27 11:44:19.826015
194	АРМ-392	392	274	Рабочее место пользователя	2025-10-27 11:44:19.826015
195	АРМ-393	393	275	Рабочее место пользователя	2025-10-27 11:44:19.826015
196	АРМ-394	394	276	Рабочее место пользователя	2025-10-27 11:44:19.826015
197	АРМ-395	395	277	Рабочее место пользователя	2025-10-27 11:44:19.826015
198	АРМ-396	396	278	Рабочее место пользователя	2025-10-27 11:44:19.826015
199	АРМ-397	397	279	Рабочее место пользователя	2025-10-27 11:44:19.826015
200	АРМ-398	398	280	Рабочее место пользователя	2025-10-27 11:44:19.826015
201	АРМ-399	399	281	Рабочее место пользователя	2025-10-27 11:44:19.826015
202	АРМ-400	400	282	Рабочее место пользователя	2025-10-27 11:44:19.826015
203	ICL i5	407	183	Тестик	2025-11-04 23:59:54.064911
204	ICL i5	401	205		2025-11-05 18:48:48.992747
\.


--
-- TOC entry 3879 (class 0 OID 108357)
-- Dependencies: 260
-- Data for Name: licenses; Type: TABLE DATA; Schema: public; Owner: postgres
--

COPY public.licenses (id, key, valid_from, valid_to, seats, comment, software_id) FROM stdin;
\.


--
-- TOC entry 3844 (class 0 OID 92102)
-- Dependencies: 225
-- Data for Name: locations; Type: TABLE DATA; Schema: public; Owner: postgres
--

COPY public.locations (id, name, location_type, floor, description) FROM stdin;
183	Кабинет 100	кабинет	1	Рабочий кабинет
184	Кабинет 101	кабинет	1	Рабочий кабинет
185	Кабинет 102	кабинет	1	Рабочий кабинет
186	Кабинет 103	кабинет	1	Рабочий кабинет
187	Кабинет 104	кабинет	1	Рабочий кабинет
188	Кабинет 105	кабинет	1	Рабочий кабинет
189	Кабинет 106	кабинет	1	Рабочий кабинет
190	Кабинет 107	кабинет	1	Рабочий кабинет
191	Кабинет 108	кабинет	1	Рабочий кабинет
192	Кабинет 109	кабинет	1	Рабочий кабинет
193	Кабинет 110	кабинет	1	Рабочий кабинет
194	Кабинет 111	кабинет	1	Рабочий кабинет
195	Кабинет 112	кабинет	1	Рабочий кабинет
196	Кабинет 113	кабинет	1	Рабочий кабинет
197	Кабинет 114	кабинет	1	Рабочий кабинет
198	Кабинет 115	кабинет	1	Рабочий кабинет
199	Кабинет 116	кабинет	1	Рабочий кабинет
200	Кабинет 117	кабинет	1	Рабочий кабинет
201	Кабинет 118	кабинет	1	Рабочий кабинет
202	Кабинет 119	кабинет	1	Рабочий кабинет
203	Кабинет 120	кабинет	1	Рабочий кабинет
204	Кабинет 199	кабинет	1	Рабочий кабинет
205	Кабинет 200	кабинет	2	Рабочий кабинет
206	Кабинет 201	кабинет	2	Рабочий кабинет
207	Кабинет 202	кабинет	2	Рабочий кабинет
208	Кабинет 203	кабинет	2	Рабочий кабинет
209	Кабинет 204	кабинет	2	Рабочий кабинет
210	Кабинет 205	кабинет	2	Рабочий кабинет
211	Кабинет 206	кабинет	2	Рабочий кабинет
212	Кабинет 207	кабинет	2	Рабочий кабинет
213	Кабинет 208	кабинет	2	Рабочий кабинет
214	Кабинет 209	кабинет	2	Рабочий кабинет
215	Кабинет 210	кабинет	2	Рабочий кабинет
216	Кабинет 211	кабинет	2	Рабочий кабинет
217	Кабинет 212	кабинет	2	Рабочий кабинет
218	Кабинет 213	кабинет	2	Рабочий кабинет
219	Кабинет 214	кабинет	2	Рабочий кабинет
220	Кабинет 215	кабинет	2	Рабочий кабинет
221	Кабинет 216	кабинет	2	Рабочий кабинет
222	Кабинет 217	кабинет	2	Рабочий кабинет
223	Кабинет 218	кабинет	2	Рабочий кабинет
224	Кабинет 219	кабинет	2	Рабочий кабинет
225	Кабинет 220	кабинет	2	Рабочий кабинет
226	Кабинет 299	кабинет	2	Рабочий кабинет
227	Кабинет 300	кабинет	3	Рабочий кабинет
228	Кабинет 301	кабинет	3	Рабочий кабинет
229	Кабинет 302	кабинет	3	Рабочий кабинет
230	Кабинет 303	кабинет	3	Рабочий кабинет
231	Кабинет 304	кабинет	3	Рабочий кабинет
232	Кабинет 305	кабинет	3	Рабочий кабинет
233	Кабинет 306	кабинет	3	Рабочий кабинет
234	Кабинет 307	кабинет	3	Рабочий кабинет
235	Кабинет 308	кабинет	3	Рабочий кабинет
236	Кабинет 309	кабинет	3	Рабочий кабинет
237	Кабинет 310	кабинет	3	Рабочий кабинет
238	Кабинет 311	кабинет	3	Рабочий кабинет
239	Кабинет 312	кабинет	3	Рабочий кабинет
240	Кабинет 313	кабинет	3	Рабочий кабинет
241	Кабинет 314	кабинет	3	Рабочий кабинет
242	Кабинет 315	кабинет	3	Рабочий кабинет
243	Кабинет 316	кабинет	3	Рабочий кабинет
244	Кабинет 317	кабинет	3	Рабочий кабинет
245	Кабинет 318	кабинет	3	Рабочий кабинет
246	Кабинет 319	кабинет	3	Рабочий кабинет
247	Кабинет 320	кабинет	3	Рабочий кабинет
248	Кабинет 399	кабинет	3	Рабочий кабинет
249	Кабинет 400	кабинет	4	Рабочий кабинет
250	Кабинет 401	кабинет	4	Рабочий кабинет
251	Кабинет 402	кабинет	4	Рабочий кабинет
252	Кабинет 403	кабинет	4	Рабочий кабинет
253	Кабинет 404	кабинет	4	Рабочий кабинет
254	Кабинет 405	кабинет	4	Рабочий кабинет
255	Кабинет 406	кабинет	4	Рабочий кабинет
256	Кабинет 407	кабинет	4	Рабочий кабинет
257	Кабинет 408	кабинет	4	Рабочий кабинет
258	Кабинет 409	кабинет	4	Рабочий кабинет
259	Кабинет 410	кабинет	4	Рабочий кабинет
260	Кабинет 411	кабинет	4	Рабочий кабинет
261	Кабинет 412	кабинет	4	Рабочий кабинет
262	Кабинет 413	кабинет	4	Рабочий кабинет
263	Кабинет 414	кабинет	4	Рабочий кабинет
264	Кабинет 415	кабинет	4	Рабочий кабинет
265	Кабинет 416	кабинет	4	Рабочий кабинет
266	Кабинет 417	кабинет	4	Рабочий кабинет
267	Кабинет 418	кабинет	4	Рабочий кабинет
268	Кабинет 419	кабинет	4	Рабочий кабинет
269	Кабинет 420	кабинет	4	Рабочий кабинет
270	Кабинет 499	кабинет	4	Рабочий кабинет
271	Кабинет 500	кабинет	5	Рабочий кабинет
272	Кабинет 501	кабинет	5	Рабочий кабинет
273	Кабинет 502	кабинет	5	Рабочий кабинет
274	Кабинет 503	кабинет	5	Рабочий кабинет
275	Кабинет 504	кабинет	5	Рабочий кабинет
276	Кабинет 505	кабинет	5	Рабочий кабинет
277	Кабинет 506	кабинет	5	Рабочий кабинет
278	Кабинет 507	кабинет	5	Рабочий кабинет
279	Кабинет 508	кабинет	5	Рабочий кабинет
280	Кабинет 509	кабинет	5	Рабочий кабинет
281	Кабинет 510	кабинет	5	Рабочий кабинет
282	Кабинет 511	кабинет	5	Рабочий кабинет
283	Кабинет 512	кабинет	5	Рабочий кабинет
284	Кабинет 513	кабинет	5	Рабочий кабинет
285	Кабинет 514	кабинет	5	Рабочий кабинет
286	Кабинет 515	кабинет	5	Рабочий кабинет
287	Кабинет 516	кабинет	5	Рабочий кабинет
288	Кабинет 517	кабинет	5	Рабочий кабинет
289	Кабинет 518	кабинет	5	Рабочий кабинет
290	Кабинет 519	кабинет	5	Рабочий кабинет
291	Кабинет 520	кабинет	5	Рабочий кабинет
292	Кабинет 599	кабинет	5	Рабочий кабинет
293	Кабинет 600	кабинет	6	Рабочий кабинет
294	Кабинет 601	кабинет	6	Рабочий кабинет
295	Кабинет 602	кабинет	6	Рабочий кабинет
296	Кабинет 603	кабинет	6	Рабочий кабинет
297	Кабинет 604	кабинет	6	Рабочий кабинет
298	Кабинет 605	кабинет	6	Рабочий кабинет
299	Кабинет 606	кабинет	6	Рабочий кабинет
300	Кабинет 607	кабинет	6	Рабочий кабинет
301	Кабинет 608	кабинет	6	Рабочий кабинет
302	Кабинет 609	кабинет	6	Рабочий кабинет
303	Кабинет 610	кабинет	6	Рабочий кабинет
304	Кабинет 611	кабинет	6	Рабочий кабинет
305	Кабинет 612	кабинет	6	Рабочий кабинет
306	Кабинет 613	кабинет	6	Рабочий кабинет
307	Кабинет 614	кабинет	6	Рабочий кабинет
308	Кабинет 615	кабинет	6	Рабочий кабинет
309	Кабинет 616	кабинет	6	Рабочий кабинет
310	Кабинет 617	кабинет	6	Рабочий кабинет
311	Кабинет 618	кабинет	6	Рабочий кабинет
312	Кабинет 619	кабинет	6	Рабочий кабинет
313	Кабинет 620	кабинет	6	Рабочий кабинет
314	Кабинет 699	кабинет	6	Рабочий кабинет
315	Кабинет 700	кабинет	7	Рабочий кабинет
316	Кабинет 701	кабинет	7	Рабочий кабинет
317	Кабинет 702	кабинет	7	Рабочий кабинет
318	Кабинет 703	кабинет	7	Рабочий кабинет
319	Кабинет 704	кабинет	7	Рабочий кабинет
320	Кабинет 705	кабинет	7	Рабочий кабинет
321	Кабинет 706	кабинет	7	Рабочий кабинет
322	Кабинет 707	кабинет	7	Рабочий кабинет
323	Кабинет 708	кабинет	7	Рабочий кабинет
324	Кабинет 709	кабинет	7	Рабочий кабинет
325	Кабинет 710	кабинет	7	Рабочий кабинет
326	Кабинет 711	кабинет	7	Рабочий кабинет
327	Кабинет 712	кабинет	7	Рабочий кабинет
328	Кабинет 713	кабинет	7	Рабочий кабинет
329	Кабинет 714	кабинет	7	Рабочий кабинет
330	Кабинет 715	кабинет	7	Рабочий кабинет
331	Кабинет 716	кабинет	7	Рабочий кабинет
332	Кабинет 717	кабинет	7	Рабочий кабинет
333	Кабинет 718	кабинет	7	Рабочий кабинет
334	Кабинет 719	кабинет	7	Рабочий кабинет
335	Кабинет 720	кабинет	7	Рабочий кабинет
336	Кабинет 799	кабинет	7	Рабочий кабинет
337	Кабинет 800	кабинет	8	Рабочий кабинет
338	Кабинет 801	кабинет	8	Рабочий кабинет
339	Кабинет 802	кабинет	8	Рабочий кабинет
340	Кабинет 803	кабинет	8	Рабочий кабинет
341	Кабинет 804	кабинет	8	Рабочий кабинет
342	Кабинет 805	кабинет	8	Рабочий кабинет
343	Кабинет 806	кабинет	8	Рабочий кабинет
344	Кабинет 807	кабинет	8	Рабочий кабинет
345	Кабинет 808	кабинет	8	Рабочий кабинет
346	Кабинет 809	кабинет	8	Рабочий кабинет
347	Кабинет 810	кабинет	8	Рабочий кабинет
348	Кабинет 811	кабинет	8	Рабочий кабинет
349	Кабинет 812	кабинет	8	Рабочий кабинет
350	Кабинет 813	кабинет	8	Рабочий кабинет
351	Кабинет 814	кабинет	8	Рабочий кабинет
352	Кабинет 815	кабинет	8	Рабочий кабинет
353	Кабинет 816	кабинет	8	Рабочий кабинет
354	Кабинет 817	кабинет	8	Рабочий кабинет
355	Кабинет 818	кабинет	8	Рабочий кабинет
356	Кабинет 819	кабинет	8	Рабочий кабинет
357	Кабинет 820	кабинет	8	Рабочий кабинет
358	Кабинет 899	кабинет	8	Рабочий кабинет
359	Склад А	склад	1	Склад техники
360	Склад Б	склад	1	Склад техники
361	Серверная 1	серверная	2	Серверная комната
362	Серверная 2	серверная	5	Серверная комната
363	Лаборатория 1	лаборатория	3	Испытательная лаборатория
364	Лаборатория 2	лаборатория	6	Испытательная лаборатория
\.


--
-- TOC entry 3846 (class 0 OID 92109)
-- Dependencies: 227
-- Data for Name: migration; Type: TABLE DATA; Schema: public; Owner: postgres
--

COPY public.migration (version, apply_time) FROM stdin;
m000000_000000_base	1761720389
m251105_203320_create_roles_table	1762364260
m251105_203330_create_users_table	1762364260
m251105_203340_create_dic_equipment_types_table	1762364260
m251105_203350_create_dic_equipment_status_table	1762364260
m251105_203400_create_equipment_table	1762364260
\.


--
-- TOC entry 3847 (class 0 OID 92112)
-- Dependencies: 228
-- Data for Name: part_char_values; Type: TABLE DATA; Schema: public; Owner: postgres
--

COPY public.part_char_values (id, part_id, char_id, value_text, equipment_id) FROM stdin;
1022	1	2	Intel	103
1023	1	1	I5-12500	103
1024	1	6	4.5	103
1025	1	54	8	103
1026	2	11	DDR4	103
1027	2	4	16	103
1028	2	55	3200	103
1029	3	5	1024	103
1030	3	12	SSD	103
1031	5	50	Цветной	103
1032	6	13	650	103
1033	3	12	NVMe	103
1034	3	5	1024	103
421	4	2	HP	103
422	4	2	Samsung	104
423	4	2	LG	105
424	4	2	Dell	106
425	4	2	HP	107
426	4	2	Samsung	108
427	4	2	LG	109
428	4	2	Dell	110
429	4	2	HP	111
430	4	2	Samsung	112
431	4	2	LG	113
432	4	2	Dell	114
433	4	2	HP	115
434	4	2	Samsung	116
435	4	2	LG	117
436	4	2	Dell	118
437	4	2	HP	119
438	4	2	Samsung	120
439	4	2	LG	121
440	4	2	Dell	122
441	4	2	HP	123
442	4	2	Samsung	124
443	4	2	LG	125
444	4	2	Dell	126
445	4	2	HP	127
446	4	2	Samsung	128
447	4	2	LG	129
448	4	2	Dell	130
449	4	2	HP	131
450	4	2	Samsung	132
451	4	2	LG	133
452	4	2	Dell	134
453	4	2	HP	135
454	4	2	Samsung	136
455	4	2	LG	137
456	4	2	Dell	138
457	4	2	HP	139
458	4	2	Samsung	140
459	4	2	LG	141
460	4	2	Dell	142
461	4	2	HP	143
462	4	2	Samsung	144
463	4	2	LG	145
464	4	2	Dell	146
465	4	2	HP	147
466	4	2	Samsung	148
467	4	2	LG	149
468	4	2	Dell	150
469	4	2	HP	151
470	4	2	Samsung	152
471	4	2	LG	153
472	4	2	Dell	154
473	4	2	HP	155
474	4	2	Samsung	156
475	4	2	LG	157
476	4	2	Dell	158
477	4	2	HP	159
478	4	2	Samsung	160
479	4	2	LG	161
480	4	2	Dell	162
481	4	2	HP	163
482	4	2	Samsung	164
483	4	2	LG	165
484	4	2	Dell	166
485	4	2	HP	167
486	4	2	Samsung	168
487	4	2	LG	169
488	4	2	Dell	170
489	4	2	HP	171
490	4	2	Samsung	172
491	4	2	LG	173
492	4	2	Dell	174
493	4	2	HP	175
494	4	2	Samsung	176
495	4	2	LG	177
496	4	2	Dell	178
497	4	2	HP	179
498	4	2	Samsung	180
499	4	2	LG	181
500	4	2	Dell	182
501	4	2	HP	183
502	4	2	Samsung	184
503	4	2	LG	185
504	4	2	Dell	186
505	4	2	HP	187
506	4	2	Samsung	188
507	4	2	LG	189
508	4	2	Dell	190
509	4	2	HP	191
510	4	2	Samsung	192
511	4	2	LG	193
512	4	2	Dell	194
513	4	2	HP	195
514	4	2	Samsung	196
515	4	2	LG	197
516	4	2	Dell	198
517	4	2	HP	199
518	4	2	Samsung	200
519	4	2	LG	201
520	4	2	Dell	202
521	4	1	MON-000103	103
522	4	1	MON-000104	104
523	4	1	MON-000105	105
524	4	1	MON-000106	106
525	4	1	MON-000107	107
526	4	1	MON-000108	108
527	4	1	MON-000109	109
528	4	1	MON-000110	110
529	4	1	MON-000111	111
530	4	1	MON-000112	112
531	4	1	MON-000113	113
532	4	1	MON-000114	114
533	4	1	MON-000115	115
534	4	1	MON-000116	116
535	4	1	MON-000117	117
536	4	1	MON-000118	118
537	4	1	MON-000119	119
538	4	1	MON-000120	120
539	4	1	MON-000121	121
540	4	1	MON-000122	122
541	4	1	MON-000123	123
542	4	1	MON-000124	124
543	4	1	MON-000125	125
544	4	1	MON-000126	126
545	4	1	MON-000127	127
546	4	1	MON-000128	128
547	4	1	MON-000129	129
548	4	1	MON-000130	130
549	4	1	MON-000131	131
550	4	1	MON-000132	132
551	4	1	MON-000133	133
552	4	1	MON-000134	134
553	4	1	MON-000135	135
554	4	1	MON-000136	136
555	4	1	MON-000137	137
556	4	1	MON-000138	138
557	4	1	MON-000139	139
558	4	1	MON-000140	140
559	4	1	MON-000141	141
560	4	1	MON-000142	142
561	4	1	MON-000143	143
562	4	1	MON-000144	144
563	4	1	MON-000145	145
564	4	1	MON-000146	146
565	4	1	MON-000147	147
566	4	1	MON-000148	148
567	4	1	MON-000149	149
568	4	1	MON-000150	150
569	4	1	MON-000151	151
570	4	1	MON-000152	152
571	4	1	MON-000153	153
572	4	1	MON-000154	154
573	4	1	MON-000155	155
574	4	1	MON-000156	156
575	4	1	MON-000157	157
576	4	1	MON-000158	158
577	4	1	MON-000159	159
578	4	1	MON-000160	160
579	4	1	MON-000161	161
580	4	1	MON-000162	162
581	4	1	MON-000163	163
582	4	1	MON-000164	164
583	4	1	MON-000165	165
584	4	1	MON-000166	166
585	4	1	MON-000167	167
586	4	1	MON-000168	168
587	4	1	MON-000169	169
588	4	1	MON-000170	170
589	4	1	MON-000171	171
590	4	1	MON-000172	172
591	4	1	MON-000173	173
592	4	1	MON-000174	174
593	4	1	MON-000175	175
594	4	1	MON-000176	176
595	4	1	MON-000177	177
596	4	1	MON-000178	178
597	4	1	MON-000179	179
598	4	1	MON-000180	180
599	4	1	MON-000181	181
600	4	1	MON-000182	182
601	4	1	MON-000183	183
602	4	1	MON-000184	184
603	4	1	MON-000185	185
604	4	1	MON-000186	186
605	4	1	MON-000187	187
606	4	1	MON-000188	188
607	4	1	MON-000189	189
608	4	1	MON-000190	190
609	4	1	MON-000191	191
610	4	1	MON-000192	192
611	4	1	MON-000193	193
612	4	1	MON-000194	194
613	4	1	MON-000195	195
614	4	1	MON-000196	196
615	4	1	MON-000197	197
616	4	1	MON-000198	198
617	4	1	MON-000199	199
618	4	1	MON-000200	200
619	4	1	MON-000201	201
620	4	1	MON-000202	202
621	4	3	24	103
622	4	3	27	104
623	4	3	21.5	105
624	4	3	24	106
625	4	3	27	107
626	4	3	21.5	108
627	4	3	24	109
628	4	3	27	110
629	4	3	21.5	111
630	4	3	24	112
631	4	3	27	113
632	4	3	21.5	114
633	4	3	24	115
634	4	3	27	116
635	4	3	21.5	117
636	4	3	24	118
637	4	3	27	119
638	4	3	21.5	120
639	4	3	24	121
640	4	3	27	122
641	4	3	21.5	123
642	4	3	24	124
643	4	3	27	125
644	4	3	21.5	126
645	4	3	24	127
646	4	3	27	128
647	4	3	21.5	129
648	4	3	24	130
649	4	3	27	131
650	4	3	21.5	132
651	4	3	24	133
652	4	3	27	134
653	4	3	21.5	135
654	4	3	24	136
655	4	3	27	137
656	4	3	21.5	138
657	4	3	24	139
658	4	3	27	140
659	4	3	21.5	141
660	4	3	24	142
661	4	3	27	143
662	4	3	21.5	144
663	4	3	24	145
664	4	3	27	146
665	4	3	21.5	147
666	4	3	24	148
667	4	3	27	149
668	4	3	21.5	150
669	4	3	24	151
670	4	3	27	152
671	4	3	21.5	153
672	4	3	24	154
673	4	3	27	155
674	4	3	21.5	156
675	4	3	24	157
676	4	3	27	158
677	4	3	21.5	159
678	4	3	24	160
679	4	3	27	161
680	4	3	21.5	162
681	4	3	24	163
682	4	3	27	164
683	4	3	21.5	165
684	4	3	24	166
685	4	3	27	167
686	4	3	21.5	168
687	4	3	24	169
688	4	3	27	170
689	4	3	21.5	171
690	4	3	24	172
691	4	3	27	173
692	4	3	21.5	174
693	4	3	24	175
694	4	3	27	176
695	4	3	21.5	177
696	4	3	24	178
697	4	3	27	179
698	4	3	21.5	180
699	4	3	24	181
700	4	3	27	182
701	4	3	21.5	183
702	4	3	24	184
703	4	3	27	185
704	4	3	21.5	186
705	4	3	24	187
706	4	3	27	188
707	4	3	21.5	189
708	4	3	24	190
709	4	3	27	191
710	4	3	21.5	192
711	4	3	24	193
712	4	3	27	194
713	4	3	21.5	195
714	4	3	24	196
715	4	3	27	197
716	4	3	21.5	198
717	4	3	24	199
718	4	3	27	200
719	4	3	21.5	201
720	4	3	24	202
721	4	10	2560x1440	103
722	4	10	1920x1080	104
723	4	10	2560x1440	105
724	4	10	1920x1080	106
725	4	10	2560x1440	107
726	4	10	1920x1080	108
727	4	10	2560x1440	109
728	4	10	1920x1080	110
729	4	10	2560x1440	111
730	4	10	1920x1080	112
731	4	10	2560x1440	113
732	4	10	1920x1080	114
733	4	10	2560x1440	115
734	4	10	1920x1080	116
735	4	10	2560x1440	117
736	4	10	1920x1080	118
737	4	10	2560x1440	119
738	4	10	1920x1080	120
739	4	10	2560x1440	121
740	4	10	1920x1080	122
741	4	10	2560x1440	123
742	4	10	1920x1080	124
743	4	10	2560x1440	125
744	4	10	1920x1080	126
745	4	10	2560x1440	127
746	4	10	1920x1080	128
747	4	10	2560x1440	129
748	4	10	1920x1080	130
749	4	10	2560x1440	131
750	4	10	1920x1080	132
751	4	10	2560x1440	133
752	4	10	1920x1080	134
753	4	10	2560x1440	135
754	4	10	1920x1080	136
755	4	10	2560x1440	137
756	4	10	1920x1080	138
757	4	10	2560x1440	139
758	4	10	1920x1080	140
759	4	10	2560x1440	141
760	4	10	1920x1080	142
761	4	10	2560x1440	143
762	4	10	1920x1080	144
763	4	10	2560x1440	145
764	4	10	1920x1080	146
765	4	10	2560x1440	147
766	4	10	1920x1080	148
767	4	10	2560x1440	149
768	4	10	1920x1080	150
769	4	10	2560x1440	151
770	4	10	1920x1080	152
771	4	10	2560x1440	153
772	4	10	1920x1080	154
773	4	10	2560x1440	155
774	4	10	1920x1080	156
775	4	10	2560x1440	157
776	4	10	1920x1080	158
777	4	10	2560x1440	159
778	4	10	1920x1080	160
779	4	10	2560x1440	161
780	4	10	1920x1080	162
781	4	10	2560x1440	163
782	4	10	1920x1080	164
783	4	10	2560x1440	165
784	4	10	1920x1080	166
785	4	10	2560x1440	167
786	4	10	1920x1080	168
787	4	10	2560x1440	169
788	4	10	1920x1080	170
789	4	10	2560x1440	171
790	4	10	1920x1080	172
791	4	10	2560x1440	173
792	4	10	1920x1080	174
793	4	10	2560x1440	175
794	4	10	1920x1080	176
795	4	10	2560x1440	177
796	4	10	1920x1080	178
797	4	10	2560x1440	179
798	4	10	1920x1080	180
799	4	10	2560x1440	181
800	4	10	1920x1080	182
801	4	10	2560x1440	183
802	4	10	1920x1080	184
803	4	10	2560x1440	185
804	4	10	1920x1080	186
805	4	10	2560x1440	187
806	4	10	1920x1080	188
807	4	10	2560x1440	189
808	4	10	1920x1080	190
809	4	10	2560x1440	191
810	4	10	1920x1080	192
811	4	10	2560x1440	193
812	4	10	1920x1080	194
813	4	10	2560x1440	195
814	4	10	1920x1080	196
815	4	10	2560x1440	197
816	4	10	1920x1080	198
817	4	10	2560x1440	199
818	4	10	1920x1080	200
819	4	10	2560x1440	201
820	4	10	1920x1080	202
821	5	2	Epson	104
822	5	2	Canon	106
823	5	2	HP	108
824	5	2	Epson	110
825	5	2	Canon	112
826	5	2	HP	114
827	5	2	Epson	116
828	5	2	Canon	118
829	5	2	HP	120
830	5	2	Epson	122
831	5	2	Canon	124
832	5	2	HP	126
833	5	2	Epson	128
834	5	2	Canon	130
835	5	2	HP	132
836	5	2	Epson	134
837	5	2	Canon	136
838	5	2	HP	138
839	5	2	Epson	140
840	5	2	Canon	142
841	5	2	HP	144
842	5	2	Epson	146
843	5	2	Canon	148
844	5	2	HP	150
845	5	2	Epson	152
846	5	2	Canon	154
847	5	2	HP	156
848	5	2	Epson	158
849	5	2	Canon	160
850	5	2	HP	162
851	5	2	Epson	164
852	5	2	Canon	166
853	5	2	HP	168
854	5	2	Epson	170
855	5	2	Canon	172
856	5	2	HP	174
857	5	2	Epson	176
858	5	2	Canon	178
859	5	2	HP	180
860	5	2	Epson	182
861	5	2	Canon	184
862	5	2	HP	186
863	5	2	Epson	188
864	5	2	Canon	190
865	5	2	HP	192
866	5	2	Epson	194
867	5	2	Canon	196
868	5	2	HP	198
869	5	2	Epson	200
870	5	2	Canon	202
871	5	1	PRN-000104	104
872	5	1	PRN-000106	106
873	5	1	PRN-000108	108
874	5	1	PRN-000110	110
875	5	1	PRN-000112	112
876	5	1	PRN-000114	114
877	5	1	PRN-000116	116
878	5	1	PRN-000118	118
879	5	1	PRN-000120	120
880	5	1	PRN-000122	122
881	5	1	PRN-000124	124
882	5	1	PRN-000126	126
883	5	1	PRN-000128	128
884	5	1	PRN-000130	130
885	5	1	PRN-000132	132
886	5	1	PRN-000134	134
887	5	1	PRN-000136	136
888	5	1	PRN-000138	138
889	5	1	PRN-000140	140
890	5	1	PRN-000142	142
891	5	1	PRN-000144	144
892	5	1	PRN-000146	146
893	5	1	PRN-000148	148
894	5	1	PRN-000150	150
895	5	1	PRN-000152	152
896	5	1	PRN-000154	154
897	5	1	PRN-000156	156
898	5	1	PRN-000158	158
899	5	1	PRN-000160	160
900	5	1	PRN-000162	162
901	5	1	PRN-000164	164
902	5	1	PRN-000166	166
903	5	1	PRN-000168	168
904	5	1	PRN-000170	170
905	5	1	PRN-000172	172
906	5	1	PRN-000174	174
907	5	1	PRN-000176	176
908	5	1	PRN-000178	178
909	5	1	PRN-000180	180
910	5	1	PRN-000182	182
911	5	1	PRN-000184	184
912	5	1	PRN-000186	186
913	5	1	PRN-000188	188
914	5	1	PRN-000190	190
915	5	1	PRN-000192	192
916	5	1	PRN-000194	194
917	5	1	PRN-000196	196
918	5	1	PRN-000198	198
919	5	1	PRN-000200	200
920	5	1	PRN-000202	202
921	5	49	лазерный	104
922	5	49	лазерный	106
923	5	49	лазерный	108
924	5	49	лазерный	110
925	5	49	лазерный	112
926	5	49	лазерный	114
927	5	49	лазерный	116
928	5	49	лазерный	118
929	5	49	лазерный	120
930	5	49	лазерный	122
931	5	49	лазерный	124
932	5	49	лазерный	126
933	5	49	лазерный	128
934	5	49	лазерный	130
935	5	49	лазерный	132
936	5	49	лазерный	134
937	5	49	лазерный	136
938	5	49	лазерный	138
939	5	49	лазерный	140
940	5	49	лазерный	142
941	5	49	лазерный	144
942	5	49	лазерный	146
943	5	49	лазерный	148
944	5	49	лазерный	150
945	5	49	лазерный	152
946	5	49	лазерный	154
947	5	49	лазерный	156
948	5	49	лазерный	158
949	5	49	лазерный	160
950	5	49	лазерный	162
951	5	49	лазерный	164
952	5	49	лазерный	166
953	5	49	лазерный	168
954	5	49	лазерный	170
955	5	49	лазерный	172
956	5	49	лазерный	174
957	5	49	лазерный	176
958	5	49	лазерный	178
959	5	49	лазерный	180
960	5	49	лазерный	182
961	5	49	лазерный	184
962	5	49	лазерный	186
963	5	49	лазерный	188
964	5	49	лазерный	190
965	5	49	лазерный	192
966	5	49	лазерный	194
967	5	49	лазерный	196
968	5	49	лазерный	198
969	5	49	лазерный	200
970	5	49	лазерный	202
971	5	50	черно-белый	104
972	5	50	черно-белый	106
973	5	50	черно-белый	108
974	5	50	черно-белый	110
975	5	50	черно-белый	112
976	5	50	черно-белый	114
977	5	50	черно-белый	116
978	5	50	черно-белый	118
979	5	50	черно-белый	120
980	5	50	черно-белый	122
981	5	50	черно-белый	124
982	5	50	черно-белый	126
983	5	50	черно-белый	128
984	5	50	черно-белый	130
985	5	50	черно-белый	132
986	5	50	черно-белый	134
987	5	50	черно-белый	136
988	5	50	черно-белый	138
989	5	50	черно-белый	140
990	5	50	черно-белый	142
991	5	50	черно-белый	144
992	5	50	черно-белый	146
993	5	50	черно-белый	148
994	5	50	черно-белый	150
995	5	50	черно-белый	152
996	5	50	черно-белый	154
997	5	50	черно-белый	156
998	5	50	черно-белый	158
999	5	50	черно-белый	160
1000	5	50	черно-белый	162
1001	5	50	черно-белый	164
1002	5	50	черно-белый	166
1003	5	50	черно-белый	168
1004	5	50	черно-белый	170
1005	5	50	черно-белый	172
1006	5	50	черно-белый	174
1007	5	50	черно-белый	176
1008	5	50	черно-белый	178
1009	5	50	черно-белый	180
1010	5	50	черно-белый	182
1011	5	50	черно-белый	184
1012	5	50	черно-белый	186
1013	5	50	черно-белый	188
1014	5	50	черно-белый	190
1015	5	50	черно-белый	192
1016	5	50	черно-белый	194
1017	5	50	черно-белый	196
1018	5	50	черно-белый	198
1019	5	50	черно-белый	200
1020	5	50	черно-белый	202
\.


--
-- TOC entry 3849 (class 0 OID 92118)
-- Dependencies: 230
-- Data for Name: roles; Type: TABLE DATA; Schema: public; Owner: postgres
--

COPY public.roles (id, role_name) FROM stdin;
4	пользователь
5	администратор
6	оператор
\.


--
-- TOC entry 3877 (class 0 OID 108347)
-- Dependencies: 258
-- Data for Name: software; Type: TABLE DATA; Schema: public; Owner: postgres
--

COPY public.software (id, name, vendor, description) FROM stdin;
\.


--
-- TOC entry 3875 (class 0 OID 108341)
-- Dependencies: 256
-- Data for Name: software_installs; Type: TABLE DATA; Schema: public; Owner: postgres
--

COPY public.software_installs (id, equipment_id, installed_at, version, installed_by_id, license_id, software_id) FROM stdin;
\.


--
-- TOC entry 3851 (class 0 OID 92124)
-- Dependencies: 232
-- Data for Name: spr_chars; Type: TABLE DATA; Schema: public; Owner: postgres
--

COPY public.spr_chars (id, name, description, measurement_unit) FROM stdin;
1	Модель	Модель устройства	\N
2	Производитель	Производитель оборудования	\N
7	Серийный номер	Серийный номер устройства	\N
8	Инвентарный номер	Инвентарный номер	\N
9	Дата производства	Дата производства	\N
10	Разрешение	Разрешение экрана (например: 1920x1080)	\N
11	Тип памяти	Тип памяти (DDR3, DDR4, DDR5)	\N
12	Тип накопителя	Тип накопителя (HDD, SSD, NVMe)	\N
47	Тип матрицы	Тип матрицы монитора	\N
48	Яркость	Яркость монитора	\N
49	Тип принтера	Тип принтера (лазерный, струйный, МФУ)	\N
50	Цветность	Цветность принтера	\N
51	Производительность печати	Скорость печати	\N
52	Вместимость ИБП	Вместимость ИБП в ВА	\N
53	Время работы	Время автономной работы ИБП	\N
54	Количество ядер	\N	\N
3	Диагональ	Диагональ экрана	"
4	Объем памяти	Объем оперативной памяти	ГБ
5	Объем диска	Объем жесткого диска или SSD	ГБ
6	Частота процессора	Тактовая частота процессора	ГГц
55	Частота памяти	\N	МГц
13	Мощность	Потребляемая мощность	Вт
\.


--
-- TOC entry 3853 (class 0 OID 92130)
-- Dependencies: 234
-- Data for Name: spr_parts; Type: TABLE DATA; Schema: public; Owner: postgres
--

COPY public.spr_parts (id, name, description) FROM stdin;
1	Процессор	Центральный процессор (CPU)
2	Оперативная память	Модули оперативной памяти (RAM)
3	Жесткий диск	Накопитель данных (HDD/SSD)
4	Монитор	Монитор
5	Принтер	Принтер/МФУ
6	ИБП	Источник бесперебойного питания
7	Клавиатура	Клавиатура
8	Мышь	Компьютерная мышь
9	Материнская плата	Материнская плата
10	Видеокарта	Видеокарта
11	Блок питания	Блок питания
12	Сетевая карта	Сетевая карта
\.


--
-- TOC entry 3855 (class 0 OID 92137)
-- Dependencies: 236
-- Data for Name: tasks; Type: TABLE DATA; Schema: public; Owner: postgres
--

COPY public.tasks (id, status_id, description, user_id, date, last_time_update, comment, executor_id, attachments) FROM stdin;
2	1	Task2	407	2025-10-29 16:54:54.413968	2025-10-29 16:54:54.413968	\N	\N	[]
3	1	Task3	407	2025-10-29 16:55:08.97896	2025-10-29 16:55:08.97896	\N	\N	[]
4	1	Task4	407	2025-10-29 16:55:42.273064	2025-10-29 16:55:42.273064	\N	\N	[]
6	2	Task6	407	2025-10-29 18:04:09.383727	2025-10-31 19:13:28.758308	\N	\N	[4]
7	3	Task 22	409	2025-10-31 19:35:13.867387	2025-11-01 20:34:03.994666	\N	\N	[]
8	1	Задача 12	409	2025-11-01 21:11:58.177413	2025-11-01 21:11:58.177413	\N	\N	[]
10	1	123123123	409	2025-11-01 21:29:53.463585	2025-11-01 21:29:53.463585	\N	\N	[]
11	1	щотщж	409	2025-11-01 21:32:11.185228	2025-11-01 21:32:11.185228	\N	\N	[]
13	2	фывфывфывфывфывфвф	409	2025-11-01 21:34:18.773195	2025-11-01 22:06:43.333161	\N	\N	[]
12	3	12312312313131313123	409	2025-11-01 21:34:04.653041	2025-11-01 22:06:44.697347	\N	\N	[]
14	1	sa	409	2025-11-01 22:06:29.64968	2025-11-01 22:06:47.16684	\N	\N	[]
1	1	Task1	301	2025-10-29 15:05:44.332221	2025-11-01 22:17:01.242	\N	\N	[1]
16	6	3333333	409	2025-11-01 22:20:58.392628	2025-11-01 22:38:13.527336	Салам пополам не тупи перезагрузи комп	\N	[13,14]
9	1	123	409	2025-11-01 21:21:57.317135	2025-11-01 22:40:00.919855	asdasdasdasdasd	\N	[]
15	1	123123123123123123	401	2025-11-01 22:19:34.381887	2025-11-01 22:42:14.035873	хуй	\N	[12]
17	2	Заявка от Маховой. Не работает принтер. Срочно	401	2025-11-03 21:17:07.363793	2025-11-03 21:17:36.107509	СРОЧНО	301	[]
18	1	ppetrov1	404	2025-11-03 23:43:45.935609	2025-11-03 23:43:45.935609	\N	\N	[]
19	1	ppetrov1	412	2025-11-03 23:50:57.476922	2025-11-03 23:50:57.476922	\N	\N	[15,16]
\.


--
-- TOC entry 3857 (class 0 OID 92145)
-- Dependencies: 238
-- Data for Name: users; Type: TABLE DATA; Schema: public; Owner: postgres
--

COPY public.users (id, full_name, "position", department, email, phone, created_at, password, auth_key, access_token, password_reset_token, role_id) FROM stdin;
404	Кулаков Дмитрий Дмитриевич	\N	\N	dkulakov@vniicentr.ru	\N	2025-10-29 16:27:58.949052	e10adc3949ba59abbe56e057f20f883e	2-0UGLWqDteFsE2SVZ9K_M4j8QmR9f-X	\N	\N	5
409	Климов Алексей Сергеевич	\N	\N	aklimov@vniicentr.ru	\N	2025-10-29 16:43:26.883362	e10adc3949ba59abbe56e057f20f883e	SjfiAR6-GoqB4eeIIy5igCIeWZ0lyAFe	\N	\N	6
406	Горштейн Евгений Михайлович	\N	\N	egorshtein@vniicnetr.ru	\N	2025-10-29 16:34:52.875392	e10adc3949ba59abbe56e057f20f883e	L72c_sqsdIf42SQaIIim2wkwXRxxrHDh	\N	\N	5
410	Паршуткина Александра Николаевна	\N	\N	aparshutkina@vniicentr.ru	\N	2025-10-29 16:45:15.655793	e10adc3949ba59abbe56e057f20f883e	Gh2iRc507VPYGAVZvMTQPnjqZ305fv7w	\N	\N	6
301	Иванов Иван Иванович	Инженер	Отдел разработки	ivanov.ii@company.ru	+7(999)111-11-01	2025-10-27 11:40:00.596502	e10adc3949ba59abbe56e057f20f883e	\N	\N	\N	4
302	Петров Петр Петрович	Программист	Отдел разработки	petrov.pp@company.ru	+7(999)111-11-02	2025-10-27 11:40:00.596502	e10adc3949ba59abbe56e057f20f883e	\N	\N	\N	4
303	Сидоров Сидор Сидорович	Тестировщик	Отдел разработки	sidorov.ss@company.ru	+7(999)111-11-03	2025-10-27 11:40:00.596502	e10adc3949ba59abbe56e057f20f883e	\N	\N	\N	4
304	Козлова Анна Сергеевна	Дизайнер	Отдел маркетинга	kozlova.as@company.ru	+7(999)111-11-04	2025-10-27 11:40:00.596502	e10adc3949ba59abbe56e057f20f883e	\N	\N	\N	4
305	Смирнов Алексей Владимирович	Менеджер проектов	Отдел управления	smirnov.av@company.ru	+7(999)111-11-05	2025-10-27 11:40:00.596502	e10adc3949ba59abbe56e057f20f883e	\N	\N	\N	4
306	Волкова Елена Николаевна	Бухгалтер	Финансовый отдел	volkova.en@company.ru	+7(999)111-11-06	2025-10-27 11:40:00.596502	e10adc3949ba59abbe56e057f20f883e	\N	\N	\N	4
307	Новиков Дмитрий Алексеевич	Системный администратор	IT-отдел	novikov.da@company.ru	+7(999)111-11-07	2025-10-27 11:40:00.596502	e10adc3949ba59abbe56e057f20f883e	\N	\N	\N	4
308	Морозова Мария Павловна	Юрист	Юридический отдел	morozova.mp@company.ru	+7(999)111-11-08	2025-10-27 11:40:00.596502	e10adc3949ba59abbe56e057f20f883e	\N	\N	\N	4
309	Лебедев Сергей Михайлович	Инженер	Отдел разработки	lebedev.sm@company.ru	+7(999)111-11-09	2025-10-27 11:40:00.596502	e10adc3949ba59abbe56e057f20f883e	\N	\N	\N	4
310	Соколова Ольга Ивановна	Аналитик	Отдел аналитики	sokolova.oi@company.ru	+7(999)111-11-10	2025-10-27 11:40:00.596502	e10adc3949ba59abbe56e057f20f883e	\N	\N	\N	4
311	Павлов Андрей Викторович	Программист	Отдел разработки	pavlov.av@company.ru	+7(999)111-11-11	2025-10-27 11:40:00.596502	e10adc3949ba59abbe56e057f20f883e	\N	\N	\N	4
312	Васильева Татьяна Сергеевна	HR-менеджер	Отдел кадров	vasileva.ts@company.ru	+7(999)111-11-12	2025-10-27 11:40:00.596502	e10adc3949ba59abbe56e057f20f883e	\N	\N	\N	4
313	Семенов Игорь Петрович	Инженер	Отдел разработки	semenov.ip@company.ru	+7(999)111-11-13	2025-10-27 11:40:00.596502	e10adc3949ba59abbe56e057f20f883e	\N	\N	\N	4
314	Голубева Наталья Александровна	Маркетолог	Отдел маркетинга	golubeva.na@company.ru	+7(999)111-11-14	2025-10-27 11:40:00.596502	e10adc3949ba59abbe56e057f20f883e	\N	\N	\N	4
315	Виноградов Павел Дмитриевич	Программист	Отдел разработки	vinogradov.pd@company.ru	+7(999)111-11-15	2025-10-27 11:40:00.596502	e10adc3949ba59abbe56e057f20f883e	\N	\N	\N	4
316	Федорова Юлия Олеговна	Менеджер	Отдел продаж	fedorova.yo@company.ru	+7(999)111-11-16	2025-10-27 11:40:00.596502	e10adc3949ba59abbe56e057f20f883e	\N	\N	\N	4
317	Ильин Максим Сергеевич	Системный администратор	IT-отдел	ilin.ms@company.ru	+7(999)111-11-17	2025-10-27 11:40:00.596502	e10adc3949ba59abbe56e057f20f883e	\N	\N	\N	4
318	Михайлова Екатерина Владимировна	Дизайнер	Отдел маркетинга	mihailova.ev@company.ru	+7(999)111-11-18	2025-10-27 11:40:00.596502	e10adc3949ba59abbe56e057f20f883e	\N	\N	\N	4
319	Титов Роман Андреевич	Инженер	Отдел разработки	titov.ra@company.ru	+7(999)111-11-19	2025-10-27 11:40:00.596502	e10adc3949ba59abbe56e057f20f883e	\N	\N	\N	4
320	Белова Анна Дмитриевна	Бухгалтер	Финансовый отдел	belova.ad@company.ru	+7(999)111-11-20	2025-10-27 11:40:00.596502	e10adc3949ba59abbe56e057f20f883e	\N	\N	\N	4
321	Комаров Владимир Игоревич	Программист	Отдел разработки	komarov.vi@company.ru	+7(999)111-11-21	2025-10-27 11:40:00.596502	e10adc3949ba59abbe56e057f20f883e	\N	\N	\N	4
322	Орлова Светлана Петровна	Аналитик	Отдел аналитики	orlova.sp@company.ru	+7(999)111-11-22	2025-10-27 11:40:00.596502	e10adc3949ba59abbe56e057f20f883e	\N	\N	\N	4
323	Марков Станислав Николаевич	Менеджер проектов	Отдел управления	markov.sn@company.ru	+7(999)111-11-23	2025-10-27 11:40:00.596502	e10adc3949ba59abbe56e057f20f883e	\N	\N	\N	4
324	Захарова Валентина Алексеевна	Тестировщик	Отдел разработки	zaharova.va@company.ru	+7(999)111-11-24	2025-10-27 11:40:00.596502	e10adc3949ba59abbe56e057f20f883e	\N	\N	\N	4
325	Киселев Артем Максимович	Инженер	Отдел разработки	kiselev.am@company.ru	+7(999)111-11-25	2025-10-27 11:40:00.596502	e10adc3949ba59abbe56e057f20f883e	\N	\N	\N	4
326	Макарова Ирина Сергеевна	HR-менеджер	Отдел кадров	makarova.is@company.ru	+7(999)111-11-26	2025-10-27 11:40:00.596502	e10adc3949ba59abbe56e057f20f883e	\N	\N	\N	4
327	Борисов Константин Викторович	Программист	Отдел разработки	borisov.kv@company.ru	+7(999)111-11-27	2025-10-27 11:40:00.596502	e10adc3949ba59abbe56e057f20f883e	\N	\N	\N	4
328	Ларина Евгения Ивановна	Юрист	Юридический отдел	larina.ei@company.ru	+7(999)111-11-28	2025-10-27 11:40:00.596502	e10adc3949ba59abbe56e057f20f883e	\N	\N	\N	4
329	Степанов Григорий Павлович	Системный администратор	IT-отдел	stepanov.gp@company.ru	+7(999)111-11-29	2025-10-27 11:40:00.596502	e10adc3949ba59abbe56e057f20f883e	\N	\N	\N	4
330	Рыбакова Надежда Михайловна	Маркетолог	Отдел маркетинга	rybakova.nm@company.ru	+7(999)111-11-30	2025-10-27 11:40:00.596502	e10adc3949ba59abbe56e057f20f883e	\N	\N	\N	4
331	Григорьев Артур Александрович	Инженер	Отдел разработки	grigorev.aa@company.ru	+7(999)111-11-31	2025-10-27 11:40:00.596502	e10adc3949ba59abbe56e057f20f883e	\N	\N	\N	4
407	Азиев Казбек Русланович	\N	\N	kaziev@vniicentr.ru	\N	2025-10-29 16:38:03.42116	e10adc3949ba59abbe56e057f20f883e	DW26giwW_OIXItdJZo_WcOFO3z2Cf00V	\N	\N	4
332	Кудрявцева Лилия Олеговна	Дизайнер	Отдел маркетинга	kudryavceva.lo@company.ru	+7(999)111-11-32	2025-10-27 11:40:00.596502	e10adc3949ba59abbe56e057f20f883e	\N	\N	\N	4
333	Данилов Егор Романович	Программист	Отдел разработки	danilov.er@company.ru	+7(999)111-11-33	2025-10-27 11:40:00.596502	e10adc3949ba59abbe56e057f20f883e	\N	\N	\N	4
334	Жукова Марина Владимировна	Бухгалтер	Финансовый отдел	zhukova.mv@company.ru	+7(999)111-11-34	2025-10-27 11:40:00.596502	e10adc3949ba59abbe56e057f20f883e	\N	\N	\N	4
335	Фомин Илья Дмитриевич	Менеджер	Отдел продаж	fomin.id@company.ru	+7(999)111-11-35	2025-10-27 11:40:00.596502	e10adc3949ba59abbe56e057f20f883e	\N	\N	\N	4
336	Исаева Вероника Сергеевна	Аналитик	Отдел аналитики	isaeva.vs@company.ru	+7(999)111-11-36	2025-10-27 11:40:00.596502	e10adc3949ba59abbe56e057f20f883e	\N	\N	\N	4
337	Журавлев Виктор Андреевич	Инженер	Отдел разработки	zhuravlev.va@company.ru	+7(999)111-11-37	2025-10-27 11:40:00.596502	e10adc3949ba59abbe56e057f20f883e	\N	\N	\N	4
338	Тарасова Людмила Петровна	Тестировщик	Отдел разработки	tarasova.lp@company.ru	+7(999)111-11-38	2025-10-27 11:40:00.596502	e10adc3949ba59abbe56e057f20f883e	\N	\N	\N	4
339	Савельев Олег Николаевич	Системный администратор	IT-отдел	savelyev.on@company.ru	+7(999)111-11-39	2025-10-27 11:40:00.596502	e10adc3949ba59abbe56e057f20f883e	\N	\N	\N	4
340	Филиппова Тамара Алексеевна	HR-менеджер	Отдел кадров	filippova.ta@company.ru	+7(999)111-11-40	2025-10-27 11:40:00.596502	e10adc3949ba59abbe56e057f20f883e	\N	\N	\N	4
341	Баранов Денис Максимович	Программист	Отдел разработки	baranov.dm@company.ru	+7(999)111-11-41	2025-10-27 11:40:00.596502	e10adc3949ba59abbe56e057f20f883e	\N	\N	\N	4
342	Пономарева Алла Сергеевна	Маркетолог	Отдел маркетинга	ponomareva.as@company.ru	+7(999)111-11-42	2025-10-27 11:40:00.596502	e10adc3949ba59abbe56e057f20f883e	\N	\N	\N	4
343	Андреев Никита Викторович	Инженер	Отдел разработки	andreev.nv@company.ru	+7(999)111-11-43	2025-10-27 11:40:00.596502	e10adc3949ba59abbe56e057f20f883e	\N	\N	\N	4
344	Никитина Галина Ивановна	Юрист	Юридический отдел	nikitina.gi@company.ru	+7(999)111-11-44	2025-10-27 11:40:00.596502	e10adc3949ba59abbe56e057f20f883e	\N	\N	\N	4
345	Сорокин Ростислав Павлович	Менеджер проектов	Отдел управления	sorokin.rp@company.ru	+7(999)111-11-45	2025-10-27 11:40:00.596502	e10adc3949ba59abbe56e057f20f883e	\N	\N	\N	4
346	Сергеева Лариса Михайловна	Дизайнер	Отдел маркетинга	sergeeva.lm@company.ru	+7(999)111-11-46	2025-10-27 11:40:00.596502	e10adc3949ba59abbe56e057f20f883e	\N	\N	\N	4
347	Ткачев Эдуард Александрович	Программист	Отдел разработки	tkachev.ea@company.ru	+7(999)111-11-47	2025-10-27 11:40:00.596502	e10adc3949ba59abbe56e057f20f883e	\N	\N	\N	4
348	Карпова Римма Олеговна	Бухгалтер	Финансовый отдел	karpova.ro@company.ru	+7(999)111-11-48	2025-10-27 11:40:00.596502	e10adc3949ba59abbe56e057f20f883e	\N	\N	\N	4
349	Гусев Тимур Романович	Инженер	Отдел разработки	gusev.tr@company.ru	+7(999)111-11-49	2025-10-27 11:40:00.596502	e10adc3949ba59abbe56e057f20f883e	\N	\N	\N	4
350	Ефимова Зоя Владимировна	Аналитик	Отдел аналитики	efimova.zv@company.ru	+7(999)111-11-50	2025-10-27 11:40:00.596502	e10adc3949ba59abbe56e057f20f883e	\N	\N	\N	4
351	Кузьмин Ян Дмитриевич	Программист	Отдел разработки	kuzmin.yd@company.ru	+7(999)111-11-51	2025-10-27 11:40:00.596502	e10adc3949ba59abbe56e057f20f883e	\N	\N	\N	4
352	Зайцева Инна Сергеевна	Тестировщик	Отдел разработки	zayceva.is@company.ru	+7(999)111-11-52	2025-10-27 11:40:00.596502	e10adc3949ba59abbe56e057f20f883e	\N	\N	\N	4
353	Романов Валерий Андреевич	Системный администратор	IT-отдел	romanov.va@company.ru	+7(999)111-11-53	2025-10-27 11:40:00.596502	e10adc3949ba59abbe56e057f20f883e	\N	\N	\N	4
354	Логинова Нина Петровна	Менеджер	Отдел продаж	loginova.np@company.ru	+7(999)111-11-54	2025-10-27 11:40:00.596502	e10adc3949ba59abbe56e057f20f883e	\N	\N	\N	4
355	Власов Игорь Николаевич	Инженер	Отдел разработки	vlasov.in@company.ru	+7(999)111-11-55	2025-10-27 11:40:00.596502	e10adc3949ba59abbe56e057f20f883e	\N	\N	\N	4
356	Соловьева Эльвира Алексеевна	HR-менеджер	Отдел кадров	soloveva.ea@company.ru	+7(999)111-11-56	2025-10-27 11:40:00.596502	e10adc3949ba59abbe56e057f20f883e	\N	\N	\N	4
357	Егоров Руслан Максимович	Программист	Отдел разработки	egorov.rm@company.ru	+7(999)111-11-57	2025-10-27 11:40:00.596502	e10adc3949ba59abbe56e057f20f883e	\N	\N	\N	4
358	Петухова Валерия Сергеевна	Маркетолог	Отдел маркетинга	petuhova.vs@company.ru	+7(999)111-11-58	2025-10-27 11:40:00.596502	e10adc3949ba59abbe56e057f20f883e	\N	\N	\N	4
359	Медведев Иван Викторович	Инженер	Отдел разработки	medvedev.iv@company.ru	+7(999)111-11-59	2025-10-27 11:40:00.596502	e10adc3949ba59abbe56e057f20f883e	\N	\N	\N	4
360	Крылова Анжела Ивановна	Юрист	Юридический отдел	krylova.ai@company.ru	+7(999)111-11-60	2025-10-27 11:40:00.596502	e10adc3949ba59abbe56e057f20f883e	\N	\N	\N	4
361	Казаков Геннадий Павлович	Менеджер проектов	Отдел управления	kazakov.gp@company.ru	+7(999)111-11-61	2025-10-27 11:40:00.596502	e10adc3949ba59abbe56e057f20f883e	\N	\N	\N	4
362	Абрамова Любовь Михайловна	Дизайнер	Отдел маркетинга	abramova.lm@company.ru	+7(999)111-11-62	2025-10-27 11:40:00.596502	e10adc3949ba59abbe56e057f20f883e	\N	\N	\N	4
363	Орехов Олег Александрович	Программист	Отдел разработки	orehov.oa@company.ru	+7(999)111-11-63	2025-10-27 11:40:00.596502	e10adc3949ba59abbe56e057f20f883e	\N	\N	\N	4
364	Суворова Эмма Олеговна	Бухгалтер	Финансовый отдел	suvorova.eo@company.ru	+7(999)111-11-64	2025-10-27 11:40:00.596502	e10adc3949ba59abbe56e057f20f883e	\N	\N	\N	4
365	Трофимов Аркадий Романович	Инженер	Отдел разработки	trofimov.ar@company.ru	+7(999)111-11-65	2025-10-27 11:40:00.596502	e10adc3949ba59abbe56e057f20f883e	\N	\N	\N	4
366	Леонова Клавдия Владимировна	Аналитик	Отдел аналитики	leonova.kv@company.ru	+7(999)111-11-66	2025-10-27 11:40:00.596502	e10adc3949ba59abbe56e057f20f883e	\N	\N	\N	4
367	Бирюков Всеволод Дмитриевич	Программист	Отдел разработки	biryukov.vd@company.ru	+7(999)111-11-67	2025-10-27 11:40:00.596502	e10adc3949ba59abbe56e057f20f883e	\N	\N	\N	4
368	Котова Роза Сергеевна	Тестировщик	Отдел разработки	kotova.rs@company.ru	+7(999)111-11-68	2025-10-27 11:40:00.596502	e10adc3949ba59abbe56e057f20f883e	\N	\N	\N	4
369	Сидоренко Георгий Андреевич	Системный администратор	IT-отдел	sidorenko.ga@company.ru	+7(999)111-11-69	2025-10-27 11:40:00.596502	e10adc3949ba59abbe56e057f20f883e	\N	\N	\N	4
370	Мартынова Ксения Петровна	Менеджер	Отдел продаж	martynova.kp@company.ru	+7(999)111-11-70	2025-10-27 11:40:00.596502	e10adc3949ba59abbe56e057f20f883e	\N	\N	\N	4
371	Герасимов Анатолий Николаевич	Инженер	Отдел разработки	gerasimov.an@company.ru	+7(999)111-11-71	2025-10-27 11:40:00.596502	e10adc3949ba59abbe56e057f20f883e	\N	\N	\N	4
372	Мельникова Раиса Алексеевна	HR-менеджер	Отдел кадров	melnikova.ra@company.ru	+7(999)111-11-72	2025-10-27 11:40:00.596502	e10adc3949ba59abbe56e057f20f883e	\N	\N	\N	4
373	Панов Федор Максимович	Программист	Отдел разработки	panov.fm@company.ru	+7(999)111-11-73	2025-10-27 11:40:00.596502	e10adc3949ba59abbe56e057f20f883e	\N	\N	\N	4
374	Родионова Галина Сергеевна	Маркетолог	Отдел маркетинга	rodionova.gs@company.ru	+7(999)111-11-74	2025-10-27 11:40:00.596502	e10adc3949ba59abbe56e057f20f883e	\N	\N	\N	4
375	Филатов Юрий Викторович	Инженер	Отдел разработки	filatov.yv@company.ru	+7(999)111-11-75	2025-10-27 11:40:00.596502	e10adc3949ba59abbe56e057f20f883e	\N	\N	\N	4
376	Гончарова Наталья Ивановна	Юрист	Юридический отдел	goncharova.ni@company.ru	+7(999)111-11-76	2025-10-27 11:40:00.596502	e10adc3949ba59abbe56e057f20f883e	\N	\N	\N	4
377	Краснов Борис Павлович	Менеджер проектов	Отдел управления	krasnov.bp@company.ru	+7(999)111-11-77	2025-10-27 11:40:00.596502	e10adc3949ba59abbe56e057f20f883e	\N	\N	\N	4
378	Антонова Елена Михайловна	Дизайнер	Отдел маркетинга	antonova.em@company.ru	+7(999)111-11-78	2025-10-27 11:40:00.596502	e10adc3949ba59abbe56e057f20f883e	\N	\N	\N	4
379	Щербаков Вадим Александрович	Программист	Отдел разработки	scherbakov.va@company.ru	+7(999)111-11-79	2025-10-27 11:40:00.596502	e10adc3949ba59abbe56e057f20f883e	\N	\N	\N	4
380	Фролова Светлана Олеговна	Бухгалтер	Финансовый отдел	frolova.so@company.ru	+7(999)111-11-80	2025-10-27 11:40:00.596502	e10adc3949ba59abbe56e057f20f883e	\N	\N	\N	4
381	Шаров Сергей Романович	Инженер	Отдел разработки	sharov.sr@company.ru	+7(999)111-11-81	2025-10-27 11:40:00.596502	e10adc3949ba59abbe56e057f20f883e	\N	\N	\N	4
382	Горбачева Оксана Владимировна	Аналитик	Отдел аналитики	gorbacheva.ov@company.ru	+7(999)111-11-82	2025-10-27 11:40:00.596502	e10adc3949ba59abbe56e057f20f883e	\N	\N	\N	4
383	Блохин Дмитрий Дмитриевич	Программист	Отдел разработки	blohin.dd@company.ru	+7(999)111-11-83	2025-10-27 11:40:00.596502	e10adc3949ba59abbe56e057f20f883e	\N	\N	\N	4
384	Шилова Валентина Сергеевна	Тестировщик	Отдел разработки	shilova.vs@company.ru	+7(999)111-11-84	2025-10-27 11:40:00.596502	e10adc3949ba59abbe56e057f20f883e	\N	\N	\N	4
385	Беляков Владимир Андреевич	Системный администратор	IT-отдел	belyakov.va@company.ru	+7(999)111-11-85	2025-10-27 11:40:00.596502	e10adc3949ba59abbe56e057f20f883e	\N	\N	\N	4
386	Полякова Татьяна Петровна	Менеджер	Отдел продаж	polyakova.tp@company.ru	+7(999)111-11-86	2025-10-27 11:40:00.596502	e10adc3949ba59abbe56e057f20f883e	\N	\N	\N	4
387	Осипов Олег Николаевич	Инженер	Отдел разработки	osipov.on@company.ru	+7(999)111-11-87	2025-10-27 11:40:00.596502	e10adc3949ba59abbe56e057f20f883e	\N	\N	\N	4
388	Лаптева Лидия Алексеевна	HR-менеджер	Отдел кадров	lapteva.la@company.ru	+7(999)111-11-88	2025-10-27 11:40:00.596502	e10adc3949ba59abbe56e057f20f883e	\N	\N	\N	4
389	Мамонтов Илья Максимович	Программист	Отдел разработки	mamontov.im@company.ru	+7(999)111-11-89	2025-10-27 11:40:00.596502	e10adc3949ba59abbe56e057f20f883e	\N	\N	\N	4
390	Дорофеева Анастасия Сергеевна	Маркетолог	Отдел маркетинга	dorofeeva.as@company.ru	+7(999)111-11-90	2025-10-27 11:40:00.596502	e10adc3949ba59abbe56e057f20f883e	\N	\N	\N	4
391	Петровский Станислав Викторович	Инженер	Отдел разработки	petrovsky.sv@company.ru	+7(999)111-11-91	2025-10-27 11:40:00.596502	e10adc3949ba59abbe56e057f20f883e	\N	\N	\N	4
392	Козловская Вера Ивановна	Юрист	Юридический отдел	kozlovskaya.vi@company.ru	+7(999)111-11-92	2025-10-27 11:40:00.596502	e10adc3949ba59abbe56e057f20f883e	\N	\N	\N	4
393	Воробьев Эдуард Павлович	Менеджер проектов	Отдел управления	vorobev.ep@company.ru	+7(999)111-11-93	2025-10-27 11:40:00.596502	e10adc3949ba59abbe56e057f20f883e	\N	\N	\N	4
394	Федосеева Ирина Михайловна	Дизайнер	Отдел маркетинга	fedoseeva.im@company.ru	+7(999)111-11-94	2025-10-27 11:40:00.596502	e10adc3949ba59abbe56e057f20f883e	\N	\N	\N	4
395	Носов Антон Александрович	Программист	Отдел разработки	nosov.aa@company.ru	+7(999)111-11-95	2025-10-27 11:40:00.596502	e10adc3949ba59abbe56e057f20f883e	\N	\N	\N	4
396	Семенова Мария Олеговна	Бухгалтер	Финансовый отдел	semenova.mo@company.ru	+7(999)111-11-96	2025-10-27 11:40:00.596502	e10adc3949ba59abbe56e057f20f883e	\N	\N	\N	4
397	Горшков Николай Романович	Инженер	Отдел разработки	gorshkov.nr@company.ru	+7(999)111-11-97	2025-10-27 11:40:00.596502	e10adc3949ba59abbe56e057f20f883e	\N	\N	\N	4
398	Панова Елена Владимировна	Аналитик	Отдел аналитики	panova.ev@company.ru	+7(999)111-11-98	2025-10-27 11:40:00.596502	e10adc3949ba59abbe56e057f20f883e	\N	\N	\N	4
399	Голубев Роман Дмитриевич	Программист	Отдел разработки	golubev.rd@company.ru	+7(999)111-11-99	2025-10-27 11:40:00.596502	e10adc3949ba59abbe56e057f20f883e	\N	\N	\N	4
400	Иванова Тамара Сергеевна	Тестировщик	Отдел разработки	ivanova.ts@company.ru	+7(999)111-11-00	2025-10-27 11:40:00.596502	e10adc3949ba59abbe56e057f20f883e	\N	\N	\N	4
411	Дятлов Дмитрий Александрович	\N	\N	ddyatlov@vniicentr.ru	\N	2025-10-29 16:46:25.45724	e10adc3949ba59abbe56e057f20f883e	iqvRRE9eQ3QZv29qZ8C4QxfKRKZH1ZEp	\N	\N	4
412	Петров Петр Петрович	\N	\N	ppetrov@vniicentr.ru	\N	2025-11-03 23:43:30.180994	e10adc3949ba59abbe56e057f20f883e	F20cbLXynkfVm6Abf5h8EicbW6ZXSS47	\N	\N	4
401	Ревва Рубен Рубенович	\N	\N	rrevva@vniicentr.ru	\N	2025-10-29 08:39:21.820563	e10adc3949ba59abbe56e057f20f883e	3658ad4b77b241abaf191f7dbc07c12e	\N	\N	5
\.


--
-- TOC entry 3903 (class 0 OID 0)
-- Dependencies: 252
-- Name: audit_events_id_seq; Type: SEQUENCE SET; Schema: public; Owner: postgres
--

SELECT pg_catalog.setval('public.audit_events_id_seq', 1, false);


--
-- TOC entry 3904 (class 0 OID 0)
-- Dependencies: 246
-- Name: auth_group_id_seq; Type: SEQUENCE SET; Schema: public; Owner: postgres
--

SELECT pg_catalog.setval('public.auth_group_id_seq', 1, false);


--
-- TOC entry 3905 (class 0 OID 0)
-- Dependencies: 248
-- Name: auth_group_permissions_id_seq; Type: SEQUENCE SET; Schema: public; Owner: postgres
--

SELECT pg_catalog.setval('public.auth_group_permissions_id_seq', 1, false);


--
-- TOC entry 3906 (class 0 OID 0)
-- Dependencies: 244
-- Name: auth_permission_id_seq; Type: SEQUENCE SET; Schema: public; Owner: postgres
--

SELECT pg_catalog.setval('public.auth_permission_id_seq', 84, true);


--
-- TOC entry 3907 (class 0 OID 0)
-- Dependencies: 222
-- Name: desk_attachments_id_seq; Type: SEQUENCE SET; Schema: public; Owner: postgres
--

SELECT pg_catalog.setval('public.desk_attachments_id_seq', 16, true);


--
-- TOC entry 3908 (class 0 OID 0)
-- Dependencies: 224
-- Name: dic_task_status_id_seq; Type: SEQUENCE SET; Schema: public; Owner: postgres
--

SELECT pg_catalog.setval('public.dic_task_status_id_seq', 6, true);


--
-- TOC entry 3909 (class 0 OID 0)
-- Dependencies: 250
-- Name: django_admin_log_id_seq; Type: SEQUENCE SET; Schema: public; Owner: postgres
--

SELECT pg_catalog.setval('public.django_admin_log_id_seq', 1, false);


--
-- TOC entry 3910 (class 0 OID 0)
-- Dependencies: 242
-- Name: django_content_type_id_seq; Type: SEQUENCE SET; Schema: public; Owner: postgres
--

SELECT pg_catalog.setval('public.django_content_type_id_seq', 21, true);


--
-- TOC entry 3911 (class 0 OID 0)
-- Dependencies: 240
-- Name: django_migrations_id_seq; Type: SEQUENCE SET; Schema: public; Owner: postgres
--

SELECT pg_catalog.setval('public.django_migrations_id_seq', 31, true);


--
-- TOC entry 3912 (class 0 OID 0)
-- Dependencies: 219
-- Name: equip_history_id_seq; Type: SEQUENCE SET; Schema: public; Owner: postgres
--

SELECT pg_catalog.setval('public.equip_history_id_seq', 1, false);


--
-- TOC entry 3913 (class 0 OID 0)
-- Dependencies: 220
-- Name: equipment_id_seq; Type: SEQUENCE SET; Schema: public; Owner: postgres
--

SELECT pg_catalog.setval('public.equipment_id_seq', 204, true);


--
-- TOC entry 3914 (class 0 OID 0)
-- Dependencies: 259
-- Name: licenses_id_seq; Type: SEQUENCE SET; Schema: public; Owner: postgres
--

SELECT pg_catalog.setval('public.licenses_id_seq', 1, false);


--
-- TOC entry 3915 (class 0 OID 0)
-- Dependencies: 226
-- Name: locations_id_seq; Type: SEQUENCE SET; Schema: public; Owner: postgres
--

SELECT pg_catalog.setval('public.locations_id_seq', 364, true);


--
-- TOC entry 3916 (class 0 OID 0)
-- Dependencies: 229
-- Name: part_char_values_id_seq; Type: SEQUENCE SET; Schema: public; Owner: postgres
--

SELECT pg_catalog.setval('public.part_char_values_id_seq', 1035, true);


--
-- TOC entry 3917 (class 0 OID 0)
-- Dependencies: 231
-- Name: roles_id_seq; Type: SEQUENCE SET; Schema: public; Owner: postgres
--

SELECT pg_catalog.setval('public.roles_id_seq', 6, true);


--
-- TOC entry 3918 (class 0 OID 0)
-- Dependencies: 257
-- Name: software_id_seq; Type: SEQUENCE SET; Schema: public; Owner: postgres
--

SELECT pg_catalog.setval('public.software_id_seq', 1, false);


--
-- TOC entry 3919 (class 0 OID 0)
-- Dependencies: 255
-- Name: software_installs_id_seq; Type: SEQUENCE SET; Schema: public; Owner: postgres
--

SELECT pg_catalog.setval('public.software_installs_id_seq', 1, false);


--
-- TOC entry 3920 (class 0 OID 0)
-- Dependencies: 233
-- Name: spr_chars_id_seq; Type: SEQUENCE SET; Schema: public; Owner: postgres
--

SELECT pg_catalog.setval('public.spr_chars_id_seq', 55, true);


--
-- TOC entry 3921 (class 0 OID 0)
-- Dependencies: 235
-- Name: spr_parts_id_seq; Type: SEQUENCE SET; Schema: public; Owner: postgres
--

SELECT pg_catalog.setval('public.spr_parts_id_seq', 36, true);


--
-- TOC entry 3922 (class 0 OID 0)
-- Dependencies: 237
-- Name: tasks_id_seq; Type: SEQUENCE SET; Schema: public; Owner: postgres
--

SELECT pg_catalog.setval('public.tasks_id_seq', 19, true);


--
-- TOC entry 3923 (class 0 OID 0)
-- Dependencies: 239
-- Name: users_id_seq; Type: SEQUENCE SET; Schema: public; Owner: postgres
--

SELECT pg_catalog.setval('public.users_id_seq', 412, true);


--
-- TOC entry 3647 (class 2606 OID 108319)
-- Name: audit_events audit_events_pkey; Type: CONSTRAINT; Schema: public; Owner: postgres
--

ALTER TABLE ONLY public.audit_events
    ADD CONSTRAINT audit_events_pkey PRIMARY KEY (id);


--
-- TOC entry 3627 (class 2606 OID 108283)
-- Name: auth_group auth_group_name_key; Type: CONSTRAINT; Schema: public; Owner: postgres
--

ALTER TABLE ONLY public.auth_group
    ADD CONSTRAINT auth_group_name_key UNIQUE (name);


--
-- TOC entry 3632 (class 2606 OID 108269)
-- Name: auth_group_permissions auth_group_permissions_group_id_permission_id_0cd325b0_uniq; Type: CONSTRAINT; Schema: public; Owner: postgres
--

ALTER TABLE ONLY public.auth_group_permissions
    ADD CONSTRAINT auth_group_permissions_group_id_permission_id_0cd325b0_uniq UNIQUE (group_id, permission_id);


--
-- TOC entry 3635 (class 2606 OID 108258)
-- Name: auth_group_permissions auth_group_permissions_pkey; Type: CONSTRAINT; Schema: public; Owner: postgres
--

ALTER TABLE ONLY public.auth_group_permissions
    ADD CONSTRAINT auth_group_permissions_pkey PRIMARY KEY (id);


--
-- TOC entry 3629 (class 2606 OID 108250)
-- Name: auth_group auth_group_pkey; Type: CONSTRAINT; Schema: public; Owner: postgres
--

ALTER TABLE ONLY public.auth_group
    ADD CONSTRAINT auth_group_pkey PRIMARY KEY (id);


--
-- TOC entry 3622 (class 2606 OID 108260)
-- Name: auth_permission auth_permission_content_type_id_codename_01ab375a_uniq; Type: CONSTRAINT; Schema: public; Owner: postgres
--

ALTER TABLE ONLY public.auth_permission
    ADD CONSTRAINT auth_permission_content_type_id_codename_01ab375a_uniq UNIQUE (content_type_id, codename);


--
-- TOC entry 3624 (class 2606 OID 108244)
-- Name: auth_permission auth_permission_pkey; Type: CONSTRAINT; Schema: public; Owner: postgres
--

ALTER TABLE ONLY public.auth_permission
    ADD CONSTRAINT auth_permission_pkey PRIMARY KEY (id);


--
-- TOC entry 3587 (class 2606 OID 92171)
-- Name: desk_attachments desk_attachments_pkey; Type: CONSTRAINT; Schema: public; Owner: postgres
--

ALTER TABLE ONLY public.desk_attachments
    ADD CONSTRAINT desk_attachments_pkey PRIMARY KEY (id);


--
-- TOC entry 3590 (class 2606 OID 92173)
-- Name: dic_task_status dic_task_status_pkey; Type: CONSTRAINT; Schema: public; Owner: postgres
--

ALTER TABLE ONLY public.dic_task_status
    ADD CONSTRAINT dic_task_status_pkey PRIMARY KEY (id);


--
-- TOC entry 3592 (class 2606 OID 92175)
-- Name: dic_task_status dic_task_status_status_name_key; Type: CONSTRAINT; Schema: public; Owner: postgres
--

ALTER TABLE ONLY public.dic_task_status
    ADD CONSTRAINT dic_task_status_status_name_key UNIQUE (status_name);


--
-- TOC entry 3638 (class 2606 OID 108294)
-- Name: django_admin_log django_admin_log_pkey; Type: CONSTRAINT; Schema: public; Owner: postgres
--

ALTER TABLE ONLY public.django_admin_log
    ADD CONSTRAINT django_admin_log_pkey PRIMARY KEY (id);


--
-- TOC entry 3617 (class 2606 OID 108238)
-- Name: django_content_type django_content_type_app_label_model_76bd3d3b_uniq; Type: CONSTRAINT; Schema: public; Owner: postgres
--

ALTER TABLE ONLY public.django_content_type
    ADD CONSTRAINT django_content_type_app_label_model_76bd3d3b_uniq UNIQUE (app_label, model);


--
-- TOC entry 3619 (class 2606 OID 108236)
-- Name: django_content_type django_content_type_pkey; Type: CONSTRAINT; Schema: public; Owner: postgres
--

ALTER TABLE ONLY public.django_content_type
    ADD CONSTRAINT django_content_type_pkey PRIMARY KEY (id);


--
-- TOC entry 3615 (class 2606 OID 108230)
-- Name: django_migrations django_migrations_pkey; Type: CONSTRAINT; Schema: public; Owner: postgres
--

ALTER TABLE ONLY public.django_migrations
    ADD CONSTRAINT django_migrations_pkey PRIMARY KEY (id);


--
-- TOC entry 3650 (class 2606 OID 108337)
-- Name: django_session django_session_pkey; Type: CONSTRAINT; Schema: public; Owner: postgres
--

ALTER TABLE ONLY public.django_session
    ADD CONSTRAINT django_session_pkey PRIMARY KEY (session_key);


--
-- TOC entry 3585 (class 2606 OID 92167)
-- Name: equip_history equip_history_pkey; Type: CONSTRAINT; Schema: public; Owner: postgres
--

ALTER TABLE ONLY public.equip_history
    ADD CONSTRAINT equip_history_pkey PRIMARY KEY (id);


--
-- TOC entry 3583 (class 2606 OID 92169)
-- Name: equipment equipment_pkey; Type: CONSTRAINT; Schema: public; Owner: postgres
--

ALTER TABLE ONLY public.equipment
    ADD CONSTRAINT equipment_pkey PRIMARY KEY (id);


--
-- TOC entry 3667 (class 2606 OID 108364)
-- Name: licenses licenses_pkey; Type: CONSTRAINT; Schema: public; Owner: postgres
--

ALTER TABLE ONLY public.licenses
    ADD CONSTRAINT licenses_pkey PRIMARY KEY (id);


--
-- TOC entry 3594 (class 2606 OID 92177)
-- Name: locations locations_pkey; Type: CONSTRAINT; Schema: public; Owner: postgres
--

ALTER TABLE ONLY public.locations
    ADD CONSTRAINT locations_pkey PRIMARY KEY (id);


--
-- TOC entry 3598 (class 2606 OID 92179)
-- Name: migration migration_pkey; Type: CONSTRAINT; Schema: public; Owner: postgres
--

ALTER TABLE ONLY public.migration
    ADD CONSTRAINT migration_pkey PRIMARY KEY (version);


--
-- TOC entry 3600 (class 2606 OID 92181)
-- Name: part_char_values part_char_values_pkey; Type: CONSTRAINT; Schema: public; Owner: postgres
--

ALTER TABLE ONLY public.part_char_values
    ADD CONSTRAINT part_char_values_pkey PRIMARY KEY (id);


--
-- TOC entry 3602 (class 2606 OID 92183)
-- Name: roles roles_pk; Type: CONSTRAINT; Schema: public; Owner: postgres
--

ALTER TABLE ONLY public.roles
    ADD CONSTRAINT roles_pk PRIMARY KEY (id);


--
-- TOC entry 3658 (class 2606 OID 108345)
-- Name: software_installs software_installs_pkey; Type: CONSTRAINT; Schema: public; Owner: postgres
--

ALTER TABLE ONLY public.software_installs
    ADD CONSTRAINT software_installs_pkey PRIMARY KEY (id);


--
-- TOC entry 3662 (class 2606 OID 108353)
-- Name: software software_pkey; Type: CONSTRAINT; Schema: public; Owner: postgres
--

ALTER TABLE ONLY public.software
    ADD CONSTRAINT software_pkey PRIMARY KEY (id);


--
-- TOC entry 3604 (class 2606 OID 92185)
-- Name: spr_chars spr_chars_name_key; Type: CONSTRAINT; Schema: public; Owner: postgres
--

ALTER TABLE ONLY public.spr_chars
    ADD CONSTRAINT spr_chars_name_key UNIQUE (name);


--
-- TOC entry 3606 (class 2606 OID 92187)
-- Name: spr_chars spr_chars_pkey; Type: CONSTRAINT; Schema: public; Owner: postgres
--

ALTER TABLE ONLY public.spr_chars
    ADD CONSTRAINT spr_chars_pkey PRIMARY KEY (id);


--
-- TOC entry 3608 (class 2606 OID 92189)
-- Name: spr_parts spr_parts_pkey; Type: CONSTRAINT; Schema: public; Owner: postgres
--

ALTER TABLE ONLY public.spr_parts
    ADD CONSTRAINT spr_parts_pkey PRIMARY KEY (id);


--
-- TOC entry 3611 (class 2606 OID 92191)
-- Name: tasks tasks_pkey; Type: CONSTRAINT; Schema: public; Owner: postgres
--

ALTER TABLE ONLY public.tasks
    ADD CONSTRAINT tasks_pkey PRIMARY KEY (id);


--
-- TOC entry 3596 (class 2606 OID 92193)
-- Name: locations uq_location_name; Type: CONSTRAINT; Schema: public; Owner: postgres
--

ALTER TABLE ONLY public.locations
    ADD CONSTRAINT uq_location_name UNIQUE (name);


--
-- TOC entry 3665 (class 2606 OID 108355)
-- Name: software uq_sw_name_vendor; Type: CONSTRAINT; Schema: public; Owner: postgres
--

ALTER TABLE ONLY public.software
    ADD CONSTRAINT uq_sw_name_vendor UNIQUE (name, vendor);


--
-- TOC entry 3613 (class 2606 OID 92195)
-- Name: users users_pkey; Type: CONSTRAINT; Schema: public; Owner: postgres
--

ALTER TABLE ONLY public.users
    ADD CONSTRAINT users_pkey PRIMARY KEY (id);


--
-- TOC entry 3640 (class 1259 OID 108327)
-- Name: audit_event_action_c7d4a3_idx; Type: INDEX; Schema: public; Owner: postgres
--

CREATE INDEX audit_event_action_c7d4a3_idx ON public.audit_events USING btree (action);


--
-- TOC entry 3641 (class 1259 OID 108326)
-- Name: audit_event_actor_i_9ec936_idx; Type: INDEX; Schema: public; Owner: postgres
--

CREATE INDEX audit_event_actor_i_9ec936_idx ON public.audit_events USING btree (actor_id);


--
-- TOC entry 3642 (class 1259 OID 108325)
-- Name: audit_event_created_9cee19_idx; Type: INDEX; Schema: public; Owner: postgres
--

CREATE INDEX audit_event_created_9cee19_idx ON public.audit_events USING btree (created_at);


--
-- TOC entry 3643 (class 1259 OID 108328)
-- Name: audit_event_object__495694_idx; Type: INDEX; Schema: public; Owner: postgres
--

CREATE INDEX audit_event_object__495694_idx ON public.audit_events USING btree (object_type, object_id);


--
-- TOC entry 3644 (class 1259 OID 108329)
-- Name: audit_event_request_3a79d3_idx; Type: INDEX; Schema: public; Owner: postgres
--

CREATE INDEX audit_event_request_3a79d3_idx ON public.audit_events USING btree (request_id);


--
-- TOC entry 3645 (class 1259 OID 108330)
-- Name: audit_events_actor_id_cb119348; Type: INDEX; Schema: public; Owner: postgres
--

CREATE INDEX audit_events_actor_id_cb119348 ON public.audit_events USING btree (actor_id);


--
-- TOC entry 3625 (class 1259 OID 108284)
-- Name: auth_group_name_a6ea08ec_like; Type: INDEX; Schema: public; Owner: postgres
--

CREATE INDEX auth_group_name_a6ea08ec_like ON public.auth_group USING btree (name varchar_pattern_ops);


--
-- TOC entry 3630 (class 1259 OID 108280)
-- Name: auth_group_permissions_group_id_b120cbf9; Type: INDEX; Schema: public; Owner: postgres
--

CREATE INDEX auth_group_permissions_group_id_b120cbf9 ON public.auth_group_permissions USING btree (group_id);


--
-- TOC entry 3633 (class 1259 OID 108281)
-- Name: auth_group_permissions_permission_id_84c5c92e; Type: INDEX; Schema: public; Owner: postgres
--

CREATE INDEX auth_group_permissions_permission_id_84c5c92e ON public.auth_group_permissions USING btree (permission_id);


--
-- TOC entry 3620 (class 1259 OID 108266)
-- Name: auth_permission_content_type_id_2f476e4b; Type: INDEX; Schema: public; Owner: postgres
--

CREATE INDEX auth_permission_content_type_id_2f476e4b ON public.auth_permission USING btree (content_type_id);


--
-- TOC entry 3636 (class 1259 OID 108305)
-- Name: django_admin_log_content_type_id_c4bce8eb; Type: INDEX; Schema: public; Owner: postgres
--

CREATE INDEX django_admin_log_content_type_id_c4bce8eb ON public.django_admin_log USING btree (content_type_id);


--
-- TOC entry 3639 (class 1259 OID 108306)
-- Name: django_admin_log_user_id_c564eba6; Type: INDEX; Schema: public; Owner: postgres
--

CREATE INDEX django_admin_log_user_id_c564eba6 ON public.django_admin_log USING btree (user_id);


--
-- TOC entry 3648 (class 1259 OID 108339)
-- Name: django_session_expire_date_a5c62663; Type: INDEX; Schema: public; Owner: postgres
--

CREATE INDEX django_session_expire_date_a5c62663 ON public.django_session USING btree (expire_date);


--
-- TOC entry 3651 (class 1259 OID 108338)
-- Name: django_session_session_key_c0390e0f_like; Type: INDEX; Schema: public; Owner: postgres
--

CREATE INDEX django_session_session_key_c0390e0f_like ON public.django_session USING btree (session_key varchar_pattern_ops);


--
-- TOC entry 3588 (class 1259 OID 92196)
-- Name: idx_desk_attachments_name; Type: INDEX; Schema: public; Owner: postgres
--

CREATE INDEX idx_desk_attachments_name ON public.desk_attachments USING btree (name);


--
-- TOC entry 3609 (class 1259 OID 92197)
-- Name: idx_tasks_executor_id; Type: INDEX; Schema: public; Owner: postgres
--

CREATE INDEX idx_tasks_executor_id ON public.tasks USING btree (executor_id);


--
-- TOC entry 3668 (class 1259 OID 108388)
-- Name: licenses_softwar_0f978c_idx; Type: INDEX; Schema: public; Owner: postgres
--

CREATE INDEX licenses_softwar_0f978c_idx ON public.licenses USING btree (software_id);


--
-- TOC entry 3669 (class 1259 OID 108372)
-- Name: licenses_software_id_adb8b5e0; Type: INDEX; Schema: public; Owner: postgres
--

CREATE INDEX licenses_software_id_adb8b5e0 ON public.licenses USING btree (software_id);


--
-- TOC entry 3670 (class 1259 OID 108389)
-- Name: licenses_valid_t_758d21_idx; Type: INDEX; Schema: public; Owner: postgres
--

CREATE INDEX licenses_valid_t_758d21_idx ON public.licenses USING btree (valid_to);


--
-- TOC entry 3652 (class 1259 OID 108390)
-- Name: software_in_equipme_1e823e_idx; Type: INDEX; Schema: public; Owner: postgres
--

CREATE INDEX software_in_equipme_1e823e_idx ON public.software_installs USING btree (equipment_id);


--
-- TOC entry 3653 (class 1259 OID 108392)
-- Name: software_in_install_946bf9_idx; Type: INDEX; Schema: public; Owner: postgres
--

CREATE INDEX software_in_install_946bf9_idx ON public.software_installs USING btree (installed_at);


--
-- TOC entry 3654 (class 1259 OID 108391)
-- Name: software_in_softwar_892b8d_idx; Type: INDEX; Schema: public; Owner: postgres
--

CREATE INDEX software_in_softwar_892b8d_idx ON public.software_installs USING btree (software_id);


--
-- TOC entry 3655 (class 1259 OID 108393)
-- Name: software_installs_installed_by_id_0c025151; Type: INDEX; Schema: public; Owner: postgres
--

CREATE INDEX software_installs_installed_by_id_0c025151 ON public.software_installs USING btree (installed_by_id);


--
-- TOC entry 3656 (class 1259 OID 108394)
-- Name: software_installs_license_id_f249de94; Type: INDEX; Schema: public; Owner: postgres
--

CREATE INDEX software_installs_license_id_f249de94 ON public.software_installs USING btree (license_id);


--
-- TOC entry 3659 (class 1259 OID 108395)
-- Name: software_installs_software_id_1f757633; Type: INDEX; Schema: public; Owner: postgres
--

CREATE INDEX software_installs_software_id_1f757633 ON public.software_installs USING btree (software_id);


--
-- TOC entry 3660 (class 1259 OID 108365)
-- Name: software_name_6ec316_idx; Type: INDEX; Schema: public; Owner: postgres
--

CREATE INDEX software_name_6ec316_idx ON public.software USING btree (name);


--
-- TOC entry 3663 (class 1259 OID 108366)
-- Name: software_vendor_10fed7_idx; Type: INDEX; Schema: public; Owner: postgres
--

CREATE INDEX software_vendor_10fed7_idx ON public.software USING btree (vendor);


--
-- TOC entry 3686 (class 2606 OID 108320)
-- Name: audit_events audit_events_actor_id_cb119348_fk_users_id; Type: FK CONSTRAINT; Schema: public; Owner: postgres
--

ALTER TABLE ONLY public.audit_events
    ADD CONSTRAINT audit_events_actor_id_cb119348_fk_users_id FOREIGN KEY (actor_id) REFERENCES public.users(id) DEFERRABLE INITIALLY DEFERRED;


--
-- TOC entry 3682 (class 2606 OID 108275)
-- Name: auth_group_permissions auth_group_permissio_permission_id_84c5c92e_fk_auth_perm; Type: FK CONSTRAINT; Schema: public; Owner: postgres
--

ALTER TABLE ONLY public.auth_group_permissions
    ADD CONSTRAINT auth_group_permissio_permission_id_84c5c92e_fk_auth_perm FOREIGN KEY (permission_id) REFERENCES public.auth_permission(id) DEFERRABLE INITIALLY DEFERRED;


--
-- TOC entry 3683 (class 2606 OID 108270)
-- Name: auth_group_permissions auth_group_permissions_group_id_b120cbf9_fk_auth_group_id; Type: FK CONSTRAINT; Schema: public; Owner: postgres
--

ALTER TABLE ONLY public.auth_group_permissions
    ADD CONSTRAINT auth_group_permissions_group_id_b120cbf9_fk_auth_group_id FOREIGN KEY (group_id) REFERENCES public.auth_group(id) DEFERRABLE INITIALLY DEFERRED;


--
-- TOC entry 3681 (class 2606 OID 108261)
-- Name: auth_permission auth_permission_content_type_id_2f476e4b_fk_django_co; Type: FK CONSTRAINT; Schema: public; Owner: postgres
--

ALTER TABLE ONLY public.auth_permission
    ADD CONSTRAINT auth_permission_content_type_id_2f476e4b_fk_django_co FOREIGN KEY (content_type_id) REFERENCES public.django_content_type(id) DEFERRABLE INITIALLY DEFERRED;


--
-- TOC entry 3684 (class 2606 OID 108295)
-- Name: django_admin_log django_admin_log_content_type_id_c4bce8eb_fk_django_co; Type: FK CONSTRAINT; Schema: public; Owner: postgres
--

ALTER TABLE ONLY public.django_admin_log
    ADD CONSTRAINT django_admin_log_content_type_id_c4bce8eb_fk_django_co FOREIGN KEY (content_type_id) REFERENCES public.django_content_type(id) DEFERRABLE INITIALLY DEFERRED;


--
-- TOC entry 3685 (class 2606 OID 108300)
-- Name: django_admin_log django_admin_log_user_id_c564eba6_fk_users_id; Type: FK CONSTRAINT; Schema: public; Owner: postgres
--

ALTER TABLE ONLY public.django_admin_log
    ADD CONSTRAINT django_admin_log_user_id_c564eba6_fk_users_id FOREIGN KEY (user_id) REFERENCES public.users(id) DEFERRABLE INITIALLY DEFERRED;


--
-- TOC entry 3673 (class 2606 OID 92273)
-- Name: equip_history equip_history_changed_by_fkey; Type: FK CONSTRAINT; Schema: public; Owner: postgres
--

ALTER TABLE ONLY public.equip_history
    ADD CONSTRAINT equip_history_changed_by_fkey FOREIGN KEY (changed_by) REFERENCES public.users(id);


--
-- TOC entry 3674 (class 2606 OID 92328)
-- Name: equip_history equip_history_equipment_id_fkey; Type: FK CONSTRAINT; Schema: public; Owner: postgres
--

ALTER TABLE ONLY public.equip_history
    ADD CONSTRAINT equip_history_equipment_id_fkey FOREIGN KEY (equipment_id) REFERENCES public.equipment(id);


--
-- TOC entry 3671 (class 2606 OID 92263)
-- Name: equipment equipment_location_id_fkey; Type: FK CONSTRAINT; Schema: public; Owner: postgres
--

ALTER TABLE ONLY public.equipment
    ADD CONSTRAINT equipment_location_id_fkey FOREIGN KEY (location_id) REFERENCES public.locations(id);


--
-- TOC entry 3672 (class 2606 OID 92258)
-- Name: equipment equipment_user_id_fkey; Type: FK CONSTRAINT; Schema: public; Owner: postgres
--

ALTER TABLE ONLY public.equipment
    ADD CONSTRAINT equipment_user_id_fkey FOREIGN KEY (user_id) REFERENCES public.users(id);


--
-- TOC entry 3690 (class 2606 OID 108367)
-- Name: licenses licenses_software_id_adb8b5e0_fk_software_id; Type: FK CONSTRAINT; Schema: public; Owner: postgres
--

ALTER TABLE ONLY public.licenses
    ADD CONSTRAINT licenses_software_id_adb8b5e0_fk_software_id FOREIGN KEY (software_id) REFERENCES public.software(id) DEFERRABLE INITIALLY DEFERRED;


--
-- TOC entry 3675 (class 2606 OID 92321)
-- Name: part_char_values part_char_values_char_id_fkey; Type: FK CONSTRAINT; Schema: public; Owner: postgres
--

ALTER TABLE ONLY public.part_char_values
    ADD CONSTRAINT part_char_values_char_id_fkey FOREIGN KEY (char_id) REFERENCES public.spr_chars(id);


--
-- TOC entry 3676 (class 2606 OID 92333)
-- Name: part_char_values part_char_values_equipment_id_fkey; Type: FK CONSTRAINT; Schema: public; Owner: postgres
--

ALTER TABLE ONLY public.part_char_values
    ADD CONSTRAINT part_char_values_equipment_id_fkey FOREIGN KEY (equipment_id) REFERENCES public.equipment(id);


--
-- TOC entry 3677 (class 2606 OID 92283)
-- Name: part_char_values part_char_values_part_id_fkey; Type: FK CONSTRAINT; Schema: public; Owner: postgres
--

ALTER TABLE ONLY public.part_char_values
    ADD CONSTRAINT part_char_values_part_id_fkey FOREIGN KEY (part_id) REFERENCES public.spr_parts(id);


--
-- TOC entry 3687 (class 2606 OID 108373)
-- Name: software_installs software_installs_installed_by_id_0c025151_fk_users_id; Type: FK CONSTRAINT; Schema: public; Owner: postgres
--

ALTER TABLE ONLY public.software_installs
    ADD CONSTRAINT software_installs_installed_by_id_0c025151_fk_users_id FOREIGN KEY (installed_by_id) REFERENCES public.users(id) DEFERRABLE INITIALLY DEFERRED;


--
-- TOC entry 3688 (class 2606 OID 108378)
-- Name: software_installs software_installs_license_id_f249de94_fk_licenses_id; Type: FK CONSTRAINT; Schema: public; Owner: postgres
--

ALTER TABLE ONLY public.software_installs
    ADD CONSTRAINT software_installs_license_id_f249de94_fk_licenses_id FOREIGN KEY (license_id) REFERENCES public.licenses(id) DEFERRABLE INITIALLY DEFERRED;


--
-- TOC entry 3689 (class 2606 OID 108383)
-- Name: software_installs software_installs_software_id_1f757633_fk_software_id; Type: FK CONSTRAINT; Schema: public; Owner: postgres
--

ALTER TABLE ONLY public.software_installs
    ADD CONSTRAINT software_installs_software_id_1f757633_fk_software_id FOREIGN KEY (software_id) REFERENCES public.software(id) DEFERRABLE INITIALLY DEFERRED;


--
-- TOC entry 3678 (class 2606 OID 92298)
-- Name: tasks tasks_status_id_fkey; Type: FK CONSTRAINT; Schema: public; Owner: postgres
--

ALTER TABLE ONLY public.tasks
    ADD CONSTRAINT tasks_status_id_fkey FOREIGN KEY (status_id) REFERENCES public.dic_task_status(id);


--
-- TOC entry 3679 (class 2606 OID 92293)
-- Name: tasks tasks_user_id_fkey; Type: FK CONSTRAINT; Schema: public; Owner: postgres
--

ALTER TABLE ONLY public.tasks
    ADD CONSTRAINT tasks_user_id_fkey FOREIGN KEY (user_id) REFERENCES public.users(id);


--
-- TOC entry 3680 (class 2606 OID 92303)
-- Name: users users_role_id_fkey; Type: FK CONSTRAINT; Schema: public; Owner: postgres
--

ALTER TABLE ONLY public.users
    ADD CONSTRAINT users_role_id_fkey FOREIGN KEY (role_id) REFERENCES public.roles(id);


--
-- TOC entry 3886 (class 0 OID 0)
-- Dependencies: 5
-- Name: SCHEMA public; Type: ACL; Schema: -; Owner: postgres
--

REVOKE USAGE ON SCHEMA public FROM PUBLIC;
GRANT ALL ON SCHEMA public TO PUBLIC;


-- Completed on 2026-02-09 07:04:23 MSK

--
-- PostgreSQL database dump complete
--
